id,movie_id,company_id,company_type_id,note
6738,19576,722,1,(2008-) (Brazil) (TV)
1290802,60865,27,2,
18392,73564,1121,1,(2012) (USA) (TV)
1294017,74601,4988,2,
1294111,74680,72438,2,
1309985,138933,2049,2,
1325126,181193,11,2,
1334917,206797,240,2,(for)
57310,214151,3488,1,
59645,225880,19,1,(1992) (USA) (TV) (original airing)
69385,290033,122,1,(2007) (Hungary) (TV)
97564,385398,462,1,(200?) (Netherlands) (TV)
113777,483396,686,1,(2011) (USA) (DVD)
1441233,569312,71614,2,
143858,586768,1257,1,(2006) (USA) (DVD)
158015,654621,1995,1,(2004) (Spain) (DVD)
1527426,861930,2187,2,(for)
214647,891689,93,1,(1988) (UK) (TV)
1602688,1103532,79657,2,
313270,1287728,19,1,
321191,1317287,1331,1,(2013) (Germany) (DVD)
336963,1361193,741,1,(2011) (Hungary) (TV) (re-release)
1690985,1365932,71609,2,
1695322,1374438,85732,2,
345753,1380173,18,1,
383901,1492921,143,1,(2001-2002) (USA) (TV)
419234,1639199,51,1,(2012) (Netherlands) (DVD) (Blu-ray)
419231,1639199,1484,1,(2012) (Germany) (DVD)
419231,1639199,1484,1,(2012) (Germany) (DVD)
419231,1639199,1484,1,(2012) (Germany) (DVD)
419235,1639199,52,1,(2012) (USA) (DVD)
1778286,1639421,93082,2,(in association with)
1781025,1642309,61839,2,
422254,1642446,1408,1,(2012) (Thailand) (all media)
423121,1643482,2962,1,(2007) (non-USA) (all media) (Middle East)
425568,1646065,14418,1,(2007) (Slovakia) (theatrical)
435028,1656647,11564,1,(2003) (USA) (DVD)
441235,1663288,461,1,(2012) (Netherlands) (DVD) (rental)
441233,1663288,461,1,(2012) (Netherlands) (DVD) (3D Blu-ray) (rental)
441233,1663288,461,1,(2012) (Netherlands) (DVD) (3D Blu-ray) (rental)
441222,1663288,11413,1,(2012) (Argentina) (theatrical)
441233,1663288,461,1,(2012) (Netherlands) (DVD) (3D Blu-ray) (rental)
441235,1663288,461,1,(2012) (Netherlands) (DVD) (rental)
443062,1665416,7641,1,(2006) (USA) (video)
1806541,1670633,92804,2,
1807594,1671749,13157,2,
449826,1673578,426,1,(2013) (Netherlands) (DVD)
449825,1673578,426,1,(2012) (Netherlands) (theatrical)
449855,1673598,17207,1,(1987) (Brazil) (all media)
1812134,1676804,184,2,(in co-production with) (as SWR)
454487,1678040,11227,1,(2004) (Sweden) (theatrical)
455607,1679328,133,1,(1978) (Japan) (TV)
456965,1680908,1610,1,(2013) (worldwide) (video)
457731,1681388,252,1,(2003) (Netherlands) (TV) (first national airing)
461805,1686057,11274,1,(2008) (Italy) (all media)
463185,1687795,3016,1,(2009) (USA) (DVD) (Blu-ray)
464926,1689585,11768,1,(1990) (USA) (VHS)
469144,1694576,1347,1,(2013) (Germany) (DVD) (Blu-ray)
469144,1694576,1347,1,(2013) (Germany) (DVD) (Blu-ray)
469144,1694576,1347,1,(2013) (Germany) (DVD) (Blu-ray)
469127,1694576,521,1,(2013) (Argentina) (DVD) (Blu-ray)
469126,1694576,521,1,(2013) (Argentina) (DVD)
469144,1694576,1347,1,(2013) (Germany) (DVD) (Blu-ray)
469126,1694576,521,1,(2013) (Argentina) (DVD)
469815,1695237,1879,1,(2010) (Canada) (DVD)
1832849,1700049,109208,2,
474006,1700275,1571,1,(2013) (United Arab Emirates) (all media) (Middle East)
479776,1707363,14410,1,(1985) (Austria) (theatrical)
480146,1707638,1713,1,(2012) (Singapore) (theatrical)
482626,1710155,426,1,(2013) (Netherlands) (DVD) (Blu-ray)
482625,1710155,426,1,(2013) (Netherlands) (DVD)
482633,1710155,228,1,(2013) (Germany) (theatrical)
482633,1710155,228,1,(2013) (Germany) (theatrical)
485760,1713837,13515,1,(USA)
488172,1716058,1451,1,(2011) (USA) (theatrical)
488172,1716058,1451,1,(2011) (USA) (theatrical)
488164,1716058,530,1,(2012) (Netherlands) (DVD)
489133,1717248,573,1,(2013) (Netherlands) (DVD)
489889,1717975,1567,1,(2012) (worldwide) (all media)
489889,1717975,1567,1,(2012) (worldwide) (all media)
492842,1720769,24173,1,(Russia)
493740,1721478,34,1,(2005) (USA) (DVD)
1857559,1727602,1451,2,(presents)
498705,1727602,530,1,(2012) (Netherlands) (DVD)
500218,1729114,6227,1,(1965) (USA) (theatrical)
502542,1731939,1501,1,(2012) (Canada) (all media)
503046,1732333,12042,1,(2002) (Sweden) (DVD)
505608,1734550,1461,1,(1997) (USA) (VHS)
506681,1735567,4441,1,(2007) (Germany) (theatrical)
1871945,1743959,499,2,(in association with)
516347,1744277,2561,1,(1996) (USA) (VHS) (letterbox)
523763,1751321,52,1,(2011) (USA) (DVD)
524871,1752558,475,1,(1969) (USA) (theatrical) (released by) (as Twentieth Century-Fox Film Corporation)
530290,1758281,11745,1,(1993) (Spain) (theatrical)
536995,1764320,8012,1,(2007) (France) (theatrical)
537330,1764687,52,1,(2013) (USA) (DVD) (Blu-ray)
1894944,1768214,72,2,
541657,1769447,3139,1,(????) (USA) (DVD)
542116,1770152,846,1,(2012) (USA) (theatrical)
545799,1773981,522,1,(200?) (Netherlands) (TV)
1900328,1774469,846,2,(presents) (as Warner Bros.)
1901416,1775512,677,2,(with the participation of)
551992,1780674,6596,1,(1980s) (Finland) (VHS)
552514,1781140,10775,1,(2004) (USA) (theatrical)
555536,1784270,17693,1,(2008) (Non-USA) (all media)
556647,1785652,521,1,(2012) (Argentina) (DVD)
1914525,1789757,119,2,(support)
560591,1789757,1828,1,(2012) (Netherlands) (DVD)
1918751,1794362,68,2,
1921154,1797355,6227,2,
568599,1797731,9328,1,(2005) (Germany) (DVD)
575605,1804598,13224,1,(2004) (worldwide) (all media)
1932108,1807863,24470,2,
578867,1808505,1408,1,(2006) (Thailand) (DVD)
579052,1808588,9863,1,(2010) (UK) (DVD)
579317,1808815,9174,1,(1995) (Greece) (VHS)
1934548,1810263,675,2,(with the participation of)
1934534,1810263,677,2,(with the participation of)
580328,1810263,52,1,(2013) (USA) (DVD) (Blu-ray)
580326,1810263,1717,1,(2012) (USA) (theatrical) (subtitled)
1934545,1810263,55,2,(as RTBF {Télévision Belge})
581202,1811168,1828,1,(2013) (Netherlands) (theatrical)
581200,1811168,1713,1,(2013) (Singapore) (theatrical)
598747,1830688,9353,1,(1969) (Canada) (theatrical) (dubbed)
604212,1836438,51,1,(2013) (Netherlands) (DVD)
604367,1836696,4244,1,(2010) (UK) (all media)
604645,1837134,250,1,(2013) (Australia) (DVD)
1964161,1839943,88177,2,(in association with)
613575,1845819,1475,1,(2012) (Denmark) (all media)
613577,1845819,1475,1,(2012) (Norway) (all media)
613543,1845819,1828,1,(2012) (Netherlands) (theatrical)
613578,1845819,1475,1,(2012) (Sweden) (all media)
613581,1845819,228,1,(2012) (Germany) (all media)
613545,1845819,1828,1,(2013) (Netherlands) (DVD) (Blu-ray)
613576,1845819,1475,1,(2012) (Iceland) (all media)
613575,1845819,1475,1,(2012) (Denmark) (all media)
613577,1845819,1475,1,(2012) (Norway) (all media)
1971415,1848002,2561,2,(presents) (as Paramount)
1972132,1848747,5898,2,(presents)
616998,1849490,1610,1,(2012) (USA) (video)
1973520,1850252,54025,2,
617908,1850829,1734,1,(2012) (France) (theatrical)
620300,1853283,13504,1,(2009) (UK) (DVD) (Blu-ray)
1980495,1860661,142281,2,
1983042,1859935,55571,2,
1983937,1861060,64,2,
625400,1861386,9366,1,(2007) (Spain) (theatrical)
628594,1866056,1161,1,(video)
630411,1868628,531,1,(2012) (USA) (DVD)
630415,1868628,33,1,(2013) (Netherlands) (DVD) (Blu-ray)
632740,1871525,5472,1,(1990) (USA) (VHS)
633238,1872105,16776,1,(1921) (Germany) (theatrical)
637318,1877091,443,1,(2014) (Canada) (TV)
2004839,1884469,120004,2,
2005772,1885397,147711,2,
648036,1888135,1408,1,(2012) (Thailand) (all media)
2014440,1895141,119,2,(with the support of)
668111,1908510,7641,1,(2004) (USA) (DVD)
2037092,1920061,17643,2,
2037407,1920388,677,2,(in collaboration with)
682167,1922723,4241,1,(2005) (Netherlands) (DVD)
683501,1923855,1434,1,(1998) (USA) (DVD)
2042471,1925819,154562,2,(with the participation of)
685661,1925997,1571,1,(2012) (United Arab Emirates) (all media) (Middle East)
688831,1929179,1461,1,(199?) (USA) (video) (laserdisc)
694698,1935381,1711,1,(????) (UK) (theatrical)
695919,1936638,14760,1,(2013) (France) (theatrical)
695913,1936638,686,1,(2013) (USA) (DVD) (Blu-ray)
2054445,1938935,156877,2,
698422,1938942,12273,1,(2004) (Lithuania) (theatrical)
2054514,1938842,1451,2,
704316,1944597,1402,1,(USA) (laserdisc)
706987,1947315,1854,1,(2007) (Germany) (DVD)
2063421,1948448,1310,2,
708602,1949184,11779,1,(2000) (Netherlands) (theatrical)
709657,1949881,2849,1,(200?) (Germany) (DVD)
710879,1951295,3234,1,(2002) (USA) (VHS)
715866,1956289,2,1,(2012) (worldwide) (video)
722385,1962193,1710,1,(2011) (Netherlands) (theatrical)
725517,1965821,1891,1,(2012) (Japan) (DVD) (Blu-ray)
726508,1967483,1828,1,(2013) (Netherlands) (theatrical)
727164,1968422,19410,1,(2010) (Greece) (theatrical)
727708,1969435,4360,1,(2000) (Netherlands) (VHS)
2085073,1972354,73622,2,(with the support of)
737002,1977430,4562,1,(2008) (Germany) (DVD)
741061,1981673,7876,1,(2008) (USA) (DVD)
741717,1982722,3428,1,(2010) (Greece) (theatrical)
746315,1988031,4051,1,(2005) (Brazil) (DVD)
2100455,1988910,71555,2,
748072,1989596,2045,1,(2013) (USA) (DVD)
2101220,1989614,302,2,(co-production)
754658,1997182,1551,1,(198?) (Netherlands) (VHS)
755210,1997805,11302,1,(1986) (France) (theatrical)
756359,1999299,3139,1,(2001) (USA) (DVD)
760111,2002976,2164,1,(2013) (USA) (theatrical)
761295,2004290,1347,1,(2012) (Germany) (DVD)
761298,2004290,33,1,(2012) (Netherlands) (DVD) (Blu-ray)
763041,2006059,14693,1,(USA)
764041,2006899,13278,1,(2008) (Philippines) (theatrical)
773717,2019540,862,1,(2012) (Hungary) (TV)
777502,2023071,4465,1,(2010) (Hungary) (theatrical)
778639,2024520,2215,1,(1997) (Finland) (theatrical)
780581,2027464,47231,1,(2006) (India) (all media)
2137544,2028524,170580,2,
785209,2032838,518,1,(2013) (Japan) (TV)
785209,2032838,518,1,(2013) (Japan) (TV)
790577,2037890,11513,1,(1995) (France) (theatrical)
795747,2044243,1713,1,(2007) (Singapore) (theatrical)
795945,2044426,9774,1,(1978) (Australia) (theatrical)
805164,2054954,1828,1,(2013) (Netherlands) (theatrical)
805164,2054954,1828,1,(2013) (Netherlands) (theatrical)
806424,2056208,425,1,(2012) (USA) (DVD)
806434,2056208,1627,1,(2013) (Germany) (DVD)
2176848,2062101,677,2,(participation)
813945,2063562,13434,1,(2010) (Netherlands) (theatrical)
2180532,2065613,44018,2,
815914,2065867,16081,1,(1989) (Canada) (theatrical)
816353,2068450,579,1,(2013) (UK) (DVD) (Blu-ray)
816361,2068450,1451,1,(2012) (USA) (theatrical)
816383,2068825,774,1,(2009) (Australia) (DVD)
2185884,2069272,56,2,(participation)
821511,2071249,10309,1,(1998) (Finland) (DVD)
821601,2071253,11815,1,(1998) (Philippines) (theatrical)
823888,2073984,13525,1,(2012) (Lithuania) (theatrical)
827188,2077682,4163,1,(2011) (USA) (DVD)
829578,2080209,228,1,(2012) (Germany) (theatrical)
829576,2080209,52,1,(2012) (USA) (DVD) (Blu-ray)
829578,2080209,228,1,(2012) (Germany) (theatrical)
829564,2080209,1828,1,(2012) (Netherlands) (DVD) (Blu-ray)
829564,2080209,1828,1,(2012) (Netherlands) (DVD) (Blu-ray)
831757,2082322,1828,1,(2013) (Netherlands) (DVD) (Blu-ray)
831759,2082322,588,1,(2013) (Germany) (DVD) (Rental)
831756,2082322,1828,1,(2013) (Netherlands) (DVD)
831759,2082322,588,1,(2013) (Germany) (DVD) (Rental)
831756,2082322,1828,1,(2013) (Netherlands) (DVD)
831755,2082322,1828,1,(2012) (Netherlands) (theatrical)
831756,2082322,1828,1,(2013) (Netherlands) (DVD)
831772,2082322,52,1,(2012) (USA) (DVD) (Blu-ray)
831759,2082322,588,1,(2013) (Germany) (DVD) (Rental)
831772,2082322,52,1,(2012) (USA) (DVD) (Blu-ray)
832196,2082699,1711,1,(2013) (UK) (theatrical)
836875,2088217,3141,1,(2012) (UK) (all media)
837236,2088731,27447,1,(2009) (Taiwan) (theatrical)
839413,2091575,2435,1,(2009) (Netherlands) (DVD) (Mr. Horror Presents #18)
839411,2091575,12141,1,(2009) (Singapore) (theatrical)
841321,2092984,516,1,(2013) (Australia) (theatrical)
2213915,2098962,133626,2,
847597,2099800,2610,1,(2007-2008) (Serbia) (DVD)
2217386,2102742,10522,2,(in collaboration with)
850392,2102951,521,1,(2008) (Argentina) (DVD)
850781,2103400,2164,1,(2006) (USA) (theatrical)
852402,2104941,3427,1,(1990) (Sweden) (VHS)
855374,2108311,1853,1,(2013) (Japan) (DVD) (Blu-ray)
856461,2109679,6694,1,(2006) (Japan) (all media)
856451,2109679,1408,1,(2005) (Vietnam) (all media)
857599,2110757,2476,1,(2001) (Brazil) (VHS)
857972,2111089,9006,1,(Bulgaria) (all media)
2228311,2114324,438,2,
861715,2115409,52087,1,(1986) (Spain) (VHS) (1984 version)
874844,2129826,52893,1,(2003) (Netherlands) (theatrical)
2245413,2132756,22956,2,
879580,2135114,1461,1,(2004) (Canada) (DVD)
880442,2135631,2609,1,(1995) (Argentina) (VHS)
882098,2137489,250,1,(1979) (Australia) (all media)
883337,2138855,1820,1,(2004) (Canada) (DVD)
886016,2141729,1344,1,(2013) (Sweden) (TV)
2254609,2142882,1222,2,(co-production)
887681,2143971,12978,1,(1992) (France) (theatrical)
2256029,2144544,1532,2,
2258945,2148315,53578,2,
891935,2149444,3696,1,(2001) (Greece) (TV)
893291,2151116,4441,1,(1991) (Germany) (theatrical)
895577,2153926,34,1,(2011) (USA) (DVD) (DVD-R)
2266281,2156543,20407,2,
2274506,2165450,96660,2,
908239,2168588,1828,1,(2012) (Netherlands) (theatrical)
909873,2170617,13644,1,(2010) (USA) (DVD)
911178,2172155,4619,1,(1989) (UK) (theatrical)
2281112,2172349,12673,2,
911920,2173203,12199,1,(2001) (Argentina) (all media) (re-release)
2288247,2180316,79646,2,
920946,2183276,6,1,(2003) (USA) (TV)
926991,2190298,2561,1,(1949) (USA) (theatrical)
927108,2190412,27272,1,(2007) (Russia) (theatrical)
928299,2191554,14755,1,(1970) (USA) (theatrical)
931721,2195823,33,1,(2006) (Netherlands) (DVD)
931773,2195902,250,1,(2011) (New Zealand) (theatrical)
933468,2197865,11760,1,(2007) (Russia) (theatrical)
934237,2198693,11813,1,(2007) (Sweden) (theatrical)
935044,2199691,12127,1,(2004) (Argentina) (theatrical)
938779,2203873,677,1,(2011) (France) (TV)
939131,2204194,11393,1,(2012) (Philippines) (theatrical)
939109,2204194,425,1,(2012) (USA) (DVD)
939110,2204194,425,1,(2012) (USA) (DVD) (Blu-Ray)
939998,2205167,17660,1,(1998) (Switzerland) (theatrical) (Suisse-Romande) (Suisse-Allemande)
940205,2205350,19329,1,(1995) (Germany) (theatrical) (re-release)
941673,2207004,521,1,(2008) (Argentina) (DVD)
944157,2209887,3139,1,(USA) (laserdisc)
2317688,2212825,107850,2,
948691,2215818,12078,1,(2005) (Turkey) (theatrical)
2330700,2227551,708,2,(in collaboration with)
962231,2231754,15005,1,(1985) (USA) (theatrical) (subtitled)
962986,2232578,12822,1,(2010) (UK) (theatrical)
2337013,2234542,677,2,(in collaboration with)
965743,2235869,12526,1,(2002) (Netherlands) (theatrical)
966061,2236111,426,1,(2012) (Netherlands) (DVD) (rental)
966059,2236111,426,1,(2012) (Netherlands) (theatrical)
966062,2236111,426,1,(2013) (Netherlands) (DVD) (Blu-ray)
2338600,2236433,475,2,(as Twentieth Century Fox) (presents)
2338600,2236433,475,2,(as Twentieth Century Fox) (presents)
966684,2236433,452,1,(2012) (USA) (DVD)
2338600,2236433,475,2,(as Twentieth Century Fox) (presents)
967705,2237820,12122,1,(2007) (Switzerland) (theatrical)
2339857,2237926,61458,2,
969966,2240258,51,1,(2013) (Netherlands) (DVD) (Blu-ray)
969965,2240258,51,1,(2013) (Netherlands) (DVD)
969968,2240258,52,1,(2012) (USA) (DVD) (Blu-ray)
969962,2240258,1427,1,(2012) (USA) (theatrical)
969965,2240258,51,1,(2013) (Netherlands) (DVD)
969962,2240258,1427,1,(2012) (USA) (theatrical)
969968,2240258,52,1,(2012) (USA) (DVD) (Blu-ray)
969962,2240258,1427,1,(2012) (USA) (theatrical)
969966,2240258,51,1,(2013) (Netherlands) (DVD) (Blu-ray)
969966,2240258,51,1,(2013) (Netherlands) (DVD) (Blu-ray)
969967,2240258,52,1,(2012) (USA) (DVD)
973275,2243589,17063,1,(1941) (Bolivia) (theatrical)
978519,2247697,1878,1,(2012) (Argentina) (theatrical)
978533,2247697,34,1,(2012) (USA) (DVD) (Blu-ray)
978531,2247697,1347,1,(2012) (Germany) (DVD) (Blu-ray)
978530,2247697,1347,1,(2012) (Germany) (DVD)
978531,2247697,1347,1,(2012) (Germany) (DVD) (Blu-ray)
981841,2250881,13017,1,(19??) (Germany) (theatrical)
982807,2251933,10277,1,(2004) (UK) (DVD)
983362,2252632,1571,1,(2012) (United Arab Emirates) (theatrical) (Middle East)
983716,2252924,12526,1,(2001) (Netherlands) (theatrical)
986875,2256319,1372,1,(2003) (Taiwan) (DVD)
2357425,2256340,202266,2,
987510,2257040,684,1,(2012) (Germany) (DVD)
987523,2257040,1085,1,(2013) (Japan) (DVD)
987517,2257040,516,1,(2012) (Australia) (theatrical)
987597,2257084,579,1,(2012) (UK) (DVD)
987617,2257084,531,1,(2012) (USA) (DVD)
987598,2257084,579,1,(2012) (UK) (DVD) (Blu-ray)
987599,2257084,530,1,(2012) (Netherlands) (DVD)
987902,2257334,11256,1,(1953) (Cuba) (theatrical)
989467,2259173,1695,1,(2001) (UK) (DVD) (restored)
990098,2260022,42524,1,(1945) (USA) (theatrical)
990450,2260277,7550,1,(2009) (Germany) (DVD)
993170,2263785,13214,1,(2009) (Belgium) (all media)
996487,2266779,1347,1,(2013) (Germany) (DVD)
999407,2269390,1710,1,(2012) (Netherlands) (theatrical)
999408,2269390,573,1,(2013) (Netherlands) (DVD)
1004652,2275355,1828,1,(2013) (Netherlands) (theatrical)
1004653,2275355,1571,1,(2012) (United Arab Emirates) (all media) (Middle East)
1004652,2275355,1828,1,(2013) (Netherlands) (theatrical)
1004653,2275355,1571,1,(2012) (United Arab Emirates) (all media) (Middle East)
1004653,2275355,1571,1,(2012) (United Arab Emirates) (all media) (Middle East)
1010502,2281018,5385,1,(1986) (UK) (VHS)
1011082,2281651,868,1,(2003) (USA) (VHS)
1011268,2281850,11930,1,(2007) (Argentina) (theatrical)
2382480,2284733,13642,2,(present) (A First National & Vitaphone Picture)
1021372,2292728,460,1,(2013) (Germany) (DVD) (Blu-ray)
1021373,2292728,461,1,(2013) (Netherlands) (DVD)
1021374,2292728,461,1,(2013) (Netherlands) (DVD) (Blu-ray)
1021346,2292728,451,1,(2013) (UK) (DVD)
1021371,2292728,460,1,(2013) (Germany) (DVD)
1021360,2292728,159,1,(2012) (USA) (theatrical)
1023921,2295082,52,1,(2013) (USA) (DVD) (Blu-ray)
1035579,2307006,3827,1,(2009) (USA) (DVD) (DVD-R)
1038972,2310458,685,1,(1999) (Netherlands) (VHS) (retail)
1040171,2311164,52,1,(2012) (USA) (DVD) (Blu-ray)
1042824,2313992,1828,1,(2013) (Netherlands) (DVD)
1042823,2313992,1828,1,(2013) (Netherlands) (theatrical)
1043393,2314533,1408,1,(2012) (Vietnam) (all media)
2410388,2315708,27600,2,(presents)
2415588,2321666,61167,2,
2416339,2322486,57223,2,
2416654,2322807,210722,2,(uncredited)
1052250,2323264,1716,1,(2012) (France) (theatrical)
1053133,2324224,862,1,(2013) (Hungary) (TV)
1053636,2324802,573,1,(2013) (Netherlands) (DVD)
1053640,2324802,1627,1,(2013) (Germany) (DVD)
1053636,2324802,573,1,(2013) (Netherlands) (DVD)
1055081,2326407,1677,1,(2006) (Netherlands) (DVD)
2421260,2328057,562,2,
2421320,2328105,50162,2,
2426750,2333441,261,2,
1063110,2334970,12643,1,(2009) (Hong Kong) (DVD) (remastered version)
1063612,2335632,531,1,(2012) (USA) (DVD) (Blu-ray)
1063611,2335632,531,1,(2012) (USA) (DVD)
1069423,2341253,52,1,(2012) (USA) (DVD)
2433514,2341253,1709,2,(presents)
1069420,2341253,1709,1,(2012) (USA) (theatrical)
2434879,2342859,92300,2,(in association with)
1071461,2343119,6045,1,(2006) (worldwide) (all media)
1077708,2347914,1627,1,(2012) (Germany) (all media)
1082052,2351090,530,1,(2001) (Netherlands) (DVD)
1082788,2351607,2388,1,(2010) (Japan) (theatrical) (in association with)
1083212,2351864,530,1,(2013) (Netherlands) (DVD) (Blu-ray) (retail)
1083212,2351864,530,1,(2013) (Netherlands) (DVD) (Blu-ray) (retail)
1083212,2351864,530,1,(2013) (Netherlands) (DVD) (Blu-ray) (retail)
1083221,2351864,531,1,(2012) (USA) (DVD)
1083213,2351864,530,1,(2013) (Netherlands) (DVD) (retail)
2443283,2351864,1451,2,(presentation)
1083210,2351864,530,1,(2012) (Netherlands) (DVD) (Blu-ray) (rental)
1083210,2351864,530,1,(2012) (Netherlands) (DVD) (Blu-ray) (rental)
1083208,2351864,579,1,(2012) (UK) (DVD)
2445135,2353842,84650,2,(co-production)
1086472,2354300,1878,1,(2012) (Argentina) (theatrical)
1087670,2355294,312,1,(2013) (USA) (TV)
1088128,2355590,1433,1,(1983) (USA) (TV)
1088966,2356316,15324,1,(2005) (Singapore) (theatrical)
1093030,2359463,452,1,(2013) (USA) (DVD)
1093031,2359463,452,1,(2013) (USA) (DVD) (Blu-ray)
1093678,2359940,521,1,(2012) (Argentina) (DVD) (Warner Home Video Colección Premium)
1096773,2362025,4359,1,(2006) (Canada) (theatrical)
1097222,2362330,530,1,(2012) (Netherlands) (DVD) (Blu-ray)
2455215,2364410,95066,2,
1100389,2364837,452,1,(1997) (USA) (DVD)
1100554,2364960,1451,1,(1954) (USA) (theatrical) (re-release)
2456682,2365986,14495,2,
1102443,2366568,426,1,(2012) (Netherlands) (theatrical)
1102463,2366568,1085,1,(2013) (Japan) (DVD)
1112166,2373865,697,1,(2002) (USA) (DVD)
1114239,2375303,42024,1,(2011) (Austria) (theatrical)
2466433,2376212,67065,2,(as A Tri ptych Media Galafilm/Emotion Pictures Production)
1120130,2379293,2394,1,(2012) (Sweden) (theatrical)
1123112,2381283,27,1,(2011) (UK) (TV)
1123935,2381922,15854,1,(Portugal) (video)
2472563,2382416,16432,2,
1124831,2382585,6476,1,(2003) (Netherlands) (theatrical)
1125896,2383183,8483,1,(2009) (worldwide) (all media)
1125951,2383237,1760,1,(2013) (USA) (all media)
1126707,2383768,1375,1,
2473912,2383781,71243,2,
1126970,2384014,11801,1,(Canada)
2475036,2385023,69508,2,
1130351,2386446,21923,1,(2011) (Italy) (DVD) (Collection: Il piacere del cinema)
1130363,2386453,8850,1,(2005) (Czech Republic) (theatrical)
1131720,2387511,29,1,(2007) (Finland) (DVD) (colorized)
1133122,2388395,576,1,(2013) (USA) (TV) (Internet)
2479385,2389353,846,2,(presents)
1135348,2389848,6,1,
2487261,2397594,159,2,
1149625,2400378,1828,1,(2012) (Netherlands) (theatrical)
1150165,2400852,1717,1,(2013) (USA) (theatrical)
2491814,2402389,1709,2,(present)
1153557,2403238,1713,1,(2012) (Singapore) (theatrical)
1157307,2406097,579,1,(2012) (UK) (DVD)
1157314,2406097,228,1,(2012) (Germany) (DVD)
1157308,2406097,579,1,(2012) (UK) (DVD) (Blu-ray)
1157309,2406097,530,1,(2012) (Netherlands) (DVD)
1157315,2406097,228,1,(2012) (Germany) (DVD) (Blu-ray)
1158902,2407501,774,1,(2009) (Australia) (DVD)
2496777,2407612,16522,2,
1161372,2409384,1705,1,(2002) (USA) (DVD)
1166462,2413074,3139,1,(2001) (USA) (VHS)
2502323,2413266,846,2,
1169299,2415327,521,1,(2008) (Argentina) (DVD)
1174110,2419110,452,1,(2009) (USA) (DVD) (Blu-ray Disc)
1175321,2419694,578,1,(2012) (Germany) (DVD)
1176636,2420597,52,1,(2011) (USA) (DVD)
1182812,2425479,452,1,(2012) (USA) (DVD)
1182812,2425479,452,1,(2012) (USA) (DVD)
1187562,2429012,11402,1,(2001) (Netherlands) (theatrical)
1190270,2431289,52,1,(2012) (USA) (DVD) (Blu-ray)
1191199,2432273,452,1,(2012) (USA) (DVD)
1191218,2432273,461,1,(2012) (Netherlands) (DVD)
1191200,2432273,452,1,(2012) (USA) (DVD) (Blu-ray)
1193492,2434596,7550,1,(2007) (Germany) (DVD)
1200056,2442094,5499,1,(2001) (Hong Kong) (all media)
2530001,2442859,121979,2,
2530585,2443551,2561,2,(as Paramount Productions Inc.)
1205663,2447357,426,1,(2012) (Netherlands) (DVD)
1208502,2450594,10721,1,(2006) (Brazil) (theatrical)
2546940,2460693,1716,2,(co-production)
2548285,2461807,171195,2,
1218477,2461807,1736,1,(2005) (Brazil) (all media)
1221481,2465232,12122,1,(2008) (Switzerland) (theatrical)
1223389,2467167,809,1,(2012) (Canada) (all media)
1224963,2469355,3131,1,(2009) (Netherlands) (DVD)
2563167,2476598,44130,2,(funding)
1241321,2489175,240,1,(2010) (USA) (TV)
1241576,2489445,4242,1,(2009) (Germany) (all media)
1242043,2489870,2561,1,(1992) (USA) (theatrical)
2578071,2492225,231276,2,
1244398,2492766,12208,1,(Korea) (DVD)
2585690,2500846,17928,2,
1254443,2502056,11475,1,(200?) (Sweden) (DVD)
1256585,2504000,12249,1,(2004) (Singapore) (theatrical)
1258198,2505663,2415,1,(2003) (USA) (theatrical) (as A Lions Gate Entertainment Company)
1258399,2505811,4625,1,
2591619,2507464,562,2,(with the participation of)
1263393,2512455,21513,1,(2012) (Hong Kong) (theatrical) (as UA Films)
1265019,2514272,70427,1,(2010) (Iceland) (theatrical)
2599230,2516316,2805,2,
1267863,2517488,1570,1,(2012) (Russia) (theatrical)
1268824,2518791,52,1,(2013) (USA) (DVD)
1269092,2519055,70617,1,(2010) (Moldova) (TV)
1270175,2520664,573,1,(2012) (Netherlands) (DVD) (Blu-ray)
12223,46835,181,1,
57681,219290,386,1,(2004) (USA) (TV)
1358531,278586,72109,2,(as Cosgrove Hall Productions)
80055,317770,19,1,(2005) (USA) (TV)
1373753,336452,44914,2,
1396647,425439,77779,2,
1460931,631909,6198,2,
1536533,890833,401,2,
1536974,891759,83848,2,
1575373,1028842,71049,2,
1608723,1127117,11,2,
281119,1178498,3278,1,(2004) (Denmark) (DVD)
1629294,1195541,87111,2,
1633677,1206701,138,2,
1693069,1368879,75999,2,
341087,1370338,12,1,
368385,1436597,50,1,(2009) (Belgium) (DVD) (season 2)
375801,1452490,49,1,(1994) (USA) (TV)
1773962,1633917,35016,2,
414814,1634882,11814,1,(2008) (Czech Republic) (theatrical)
416297,1636318,1610,1,(2011) (USA) (video) (VOD)
416297,1636318,1610,1,(2011) (USA) (video) (VOD)
419236,1639199,52,1,(2012) (USA) (DVD) (Blu-ray)
419235,1639199,52,1,(2012) (USA) (DVD)
419236,1639199,52,1,(2012) (USA) (DVD) (Blu-ray)
419236,1639199,52,1,(2012) (USA) (DVD) (Blu-ray)
419235,1639199,52,1,(2012) (USA) (DVD)
422254,1642446,1408,1,(2012) (Thailand) (all media)
424563,1645038,483,1,(2007) (worldwide) (all media)
427917,1648701,321,1,
428587,1649458,2,1,(2012) (USA) (all media)
1787444,1649726,475,2,(as Twentieth Century Fox) (presents)
430132,1651081,1684,1,(USA) (DVD)
433320,1654628,1475,1,(2003) (Sweden) (DVD)
433489,1654793,11353,1,(1998) (Canada) (theatrical)
436093,1657793,1685,1,(1997) (USA) (VHS)
441236,1663288,461,1,(2013) (Netherlands) (DVD) (3D Blu-ray) (rental)
441232,1663288,475,1,(2012) (USA) (theatrical)
441232,1663288,475,1,(2012) (USA) (theatrical)
441235,1663288,461,1,(2012) (Netherlands) (DVD) (rental)
441232,1663288,475,1,(2012) (USA) (theatrical)
446100,1668890,1677,1,(????) (Netherlands) (DVD)
1805983,1670082,101487,2,
1806539,1670633,895,2,
449514,1673153,3121,1,(2013) (Japan) (theatrical)
449721,1673459,17443,1,(19??) (USA) (VHS) (Russian language only)
449823,1673578,1713,1,(2012) (Singapore) (theatrical)
449826,1673578,426,1,(2013) (Netherlands) (DVD)
449827,1673578,426,1,(2013) (Netherlands) (DVD) (Blu-ray)
449826,1673578,426,1,(2013) (Netherlands) (DVD)
449827,1673578,426,1,(2013) (Netherlands) (DVD) (Blu-ray)
1809788,1674185,14668,2,
453610,1676890,573,1,(2013) (Netherlands) (DVD) (Blu-ray)
454372,1677948,9663,1,(2008) (Argentina) (all media)
456826,1680780,521,1,(2011) (Argentina) (DVD) (Colección Mejor Película)
456965,1680908,1610,1,(2013) (worldwide) (video)
1816444,1681388,1451,2,
458796,1682619,20093,1,(Turkey)
464238,1688754,1571,1,"""(2015) (United Arab Emirates) (all media) (Middle East"
464238,1688754,1571,1,"""(2015) (United Arab Emirates) (all media) (Middle East"
1823789,1689744,115,2,
469126,1694576,521,1,(2013) (Argentina) (DVD)
469126,1694576,521,1,(2013) (Argentina) (DVD)
469150,1694576,34,1,(2013) (USA) (DVD) (Blu-ray)
469127,1694576,521,1,(2013) (Argentina) (DVD) (Blu-ray)
469137,1694576,1878,1,(2013) (Argentina) (theatrical) (re-release)
1828643,1695047,71815,2,(in association with)
473812,1700054,684,1,(2013) (Germany) (DVD)
474794,1701220,452,1,(2013) (USA) (DVD)
1839850,1707363,12944,2,
480091,1707615,865,1,(2008) (Finland) (DVD)
480219,1707735,475,1,(1964) (USA) (theatrical)
481128,1708587,423,1,(2013) (Japan) (DVD)
481150,1708614,15961,1,(1948) (Japan) (theatrical)
481309,1708700,12122,1,(2003) (Switzerland) (theatrical)
481865,1709102,2690,1,(2005) (Argentina) (VHS)
482573,1710126,23432,1,(UK)
482616,1710155,425,1,(2012) (USA) (DVD)
482624,1710155,426,1,(2012) (Netherlands) (theatrical)
1844661,1713003,38226,2,
488165,1716058,530,1,(2012) (Netherlands) (DVD) (Blu-ray)
488174,1716058,531,1,(2012) (USA) (DVD) (Blu-ray)
1847529,1716058,1451,2,(presents) (A Peter Berg Film)
488174,1716058,531,1,(2012) (USA) (DVD) (Blu-ray)
489133,1717248,573,1,(2013) (Netherlands) (DVD)
1848881,1717654,1735,2,
1849497,1718318,1471,2,(in association with)
495756,1723917,14155,1,"""(Brazil) (VHS) (on ""Betty Boop 3"")"""
1855249,1724552,70864,2,
497143,1725110,773,1,(2011) (worldwide) (all media)
1857559,1727602,1451,2,(presents)
499267,1728122,1395,1,(2003) (Netherlands) (DVD)
502487,1731926,1331,1,(2005) (Germany) (DVD)
507598,1736141,7540,1,(2006) (Brazil) (DVD)
509709,1737936,19,1,(original airing)
509939,1738155,1723,1,(2007) (Germany) (theatrical)
515129,1743046,1677,1,(2009) (Netherlands) (DVD)
1871945,1743959,499,2,(in association with)
516316,1744285,6254,1,
1874569,1746865,159,2,(presents) (controlled by Loew's Incorporated)
522221,1749793,846,1,(1982) (USA) (theatrical)
524611,1752280,27778,1,
1881416,1754386,101396,2,
530924,1758883,1451,1,(1991) (USA) (theatrical) (as Universal An MCA Company)
1886393,1759287,53186,2,
531573,1759341,11223,1,(1988) (Australia) (video)
532382,1760063,1413,1,(1998) (USA) (VHS)
533035,1760726,10455,1,(2011) (Switzerland) (all media)
1894855,1767982,124791,2,
540505,1768258,664,1,(2011) (Netherlands) (TV)
550514,1779011,522,1,(2008) (Netherlands) (TV) (first national airing)
550551,1779018,11433,1,
551352,1779815,1347,1,(2013) (Germany) (DVD)
1905518,1779815,1222,2,(co-production)
551353,1779815,1347,1,(2013) (Germany) (DVD) (Blu-ray)
1906478,1781077,475,2,
555764,1784427,3583,1,(2005) (Germany) (DVD)
558177,1787283,9366,1,(1997) (Spain) (theatrical)
558526,1787637,10865,1,(2010) (USA) (theatrical) (subtitled)
560593,1789757,1501,1,(2012) (Canada) (theatrical)
1914519,1789757,677,2,(support)
563881,1792757,774,1,(2010) (Australia) (video) (VOD)
1923653,1799651,8416,2,
575259,1804322,5612,1,(2008) (UK) (DVD) (Blu-ray)
1934218,1809881,133610,2,
1934534,1810263,677,2,(with the participation of)
580327,1810263,52,1,(2013) (USA) (DVD)
1934548,1810263,675,2,(with the participation of)
1934534,1810263,677,2,(with the participation of)
1936185,1811822,1844,2,
584503,1813400,864,1,(2009) (France) (all media)
585124,1813993,12526,1,(1998) (Netherlands) (theatrical)
589545,1820222,1714,1,(2000) (Germany) (VHS)
590957,1818923,34016,1,(1968) (USA) (subtitled)
591079,1819374,312,1,(1972) (USA) (TV) (network premiere)
594907,1825976,595,1,(1985) (1996) (Finland) (TV)
595241,1826238,11351,1,(1980s) (Finland) (VHS)
595434,1826442,1408,1,(2004) (Thailand) (all media)
604205,1836438,1501,1,(2013) (Canada) (video)
1960934,1836438,1709,2,(presents)
604212,1836438,51,1,(2013) (Netherlands) (DVD)
1960934,1836438,1709,2,(presents)
607595,1840189,8680,1,(Australia) (VHS) (1980s)
612377,1844543,426,1,(2012) (Netherlands) (DVD)
613545,1845819,1828,1,(2013) (Netherlands) (DVD) (Blu-ray)
613578,1845819,1475,1,(2012) (Sweden) (all media)
613545,1845819,1828,1,(2013) (Netherlands) (DVD) (Blu-ray)
613578,1845819,1475,1,(2012) (Sweden) (all media)
613577,1845819,1475,1,(2012) (Norway) (all media)
613543,1845819,1828,1,(2012) (Netherlands) (theatrical)
613578,1845819,1475,1,(2012) (Sweden) (all media)
613567,1845819,516,1,(2012) (Australia) (theatrical)
613545,1845819,1828,1,(2013) (Netherlands) (DVD) (Blu-ray)
613567,1845819,516,1,(2012) (Australia) (theatrical)
613567,1845819,516,1,(2012) (Australia) (theatrical)
615443,1847724,36020,1,(2007) (worldwide) (DVD)
1971345,1847929,6444,2,
616411,1848800,2045,1,(2010) (UK) (DVD) (Blu-ray)
1972786,1849430,15712,2,(in association with)
619008,1851908,8282,1,(????) (USA) (VHS)
620315,1853284,17661,1,(2007) (Belgium) (DVD)
622066,1855848,8516,1,(2009) (Germany) (DVD)
1980062,1857054,14281,2,(Distributor)
1982077,1858684,64,2,
1982336,1858984,123732,2,
1987060,1864938,5544,2,(in association with)
628761,1866268,129,1,(19??) (Germany) (TV)
630412,1868628,531,1,(2012) (USA) (DVD) (Blu-ray)
1992661,1870907,1114,2,
636131,1875928,573,1,(2004) (Netherlands) (DVD)
647119,1886910,22577,1,(2005) (Germany) (DVD)
649958,1890345,160,1,(1978) (USA) (TV) (original airing)
654288,1894447,137,1,(2009) (Germany) (TV)
2016412,1897391,5503,2,
663392,1903727,1402,1,(USA) (laserdisc)
663644,1904036,12740,1,(2011) (Germany) (theatrical)
670677,1911045,1878,1,(2013) (Argentina) (theatrical)
2033178,1915404,40672,2,
677229,1917767,12786,1,(1986) (Italy) (theatrical)
677803,1918310,1713,1,(2012) (Singapore) (theatrical)
683335,1923747,1713,1,(2012) (Singapore) (theatrical)
685587,1925898,52,1,(2008) (USA) (DVD)
694522,1935237,41954,1,(????) (USA) (TV) (as J. Arthur Rank Enterprise)
2052238,1936461,42042,2,
695913,1936638,686,1,(2013) (USA) (DVD) (Blu-ray)
698050,1938763,846,1,(1966) (USA) (theatrical) (as Warner Bros. Pictures An AOL Time Warner Company)
704950,1945260,426,1,(2009) (Netherlands) (DVD)
2062684,1947862,412,2,(as AVRO)
2067228,1952349,113206,2,
2074698,1960910,85125,2,
2080661,1968561,72459,2,
2085065,1972354,48341,2,(in collaboration with)
733792,1974481,19209,1,(2009) (Belgium) (theatrical)
738386,1979473,2980,1,(2008) (Greece) (theatrical)
2092566,1979894,82750,2,(as A Depth of Field Production)
742774,1983931,1499,1,(2012) (Argentina) (TV) (as TV Pública)
748939,1990690,12893,1,(1953) (UK) (theatrical)
749831,1991867,3139,1,(1996) (USA) (video) (laserdisc)
751408,1997419,12981,1,(2009) (Argentina) (all media)
2106813,1995807,23172,2,
753842,1996240,1710,1,(2011) (Netherlands) (theatrical)
754019,1996405,12789,1,(2008) (UK) (DVD)
758750,2001798,1627,1,(2012) (Germany) (all media)
759391,2002409,1571,1,(2013) (United Arab Emirates) (all media) (Middle East)
759759,2002780,6227,1,(1975) (USA) (all media)
759877,2002848,3889,1,(2011) (worldwide) (all media)
761295,2004290,1347,1,(2012) (Germany) (DVD)
763102,2006138,5828,1,(1984) (worldwide) (all media) (sales)
763655,2006614,1283,1,(USA) (DVD)
769621,2015201,1571,1,(2009) (United Arab Emirates) (all media) (Middle East)
773371,2019355,2222,1,(2012) (Finland) (theatrical)
774140,2019935,11392,1,(2012) (Philippines) (theatrical)
774636,2020397,12523,1,(2005) (Switzerland) (theatrical)
774668,2020403,19382,1,(198?) (Canada) (theatrical)
785202,2032838,1353,1,(2013) (Portugal) (all media)
785202,2032838,1353,1,(2013) (Portugal) (all media)
2145577,2035076,105722,2,
789386,2036453,14465,1,(2008) (USA) (DVD)
2150627,2038719,225,2,
792145,2039960,11301,1,(2011) (Greece) (all media)
798494,2047320,13357,1,(2007) (Argentina) (theatrical)
804480,2054199,13060,1,(1993) (Spain) (theatrical)
806059,2055942,13644,1,(2013) (USA) (theatrical)
806424,2056208,425,1,(2012) (USA) (DVD)
806434,2056208,1627,1,(2013) (Germany) (DVD)
806744,2056331,3329,1,(2012) (Germany) (theatrical)
2174892,2060585,55963,2,
2176031,2061424,1716,2,(co-production)
814872,2064680,1451,1,(1985) (UK) (theatrical)
815809,2065764,49361,1,(2006) (USA) (DVD)
816223,2067006,11288,1,(1983) (France) (theatrical)
816354,2068450,530,1,(2013) (Netherlands) (DVD)
816363,2068450,531,1,(2013) (USA) (DVD) (Blu-ray)
816622,2066215,1711,1,(2009) (UK) (DVD)
2183698,2067760,109,2,(participation)
818539,2068064,4155,1,(2004) (Hong Kong) (theatrical)
2185884,2069272,56,2,(participation)
2195973,2080209,677,2,(participation)
829562,2080209,1828,1,(2012) (Netherlands) (theatrical)
829578,2080209,228,1,(2012) (Germany) (theatrical)
2197194,2081570,52811,2,
831756,2082322,1828,1,(2013) (Netherlands) (DVD)
831770,2082322,1085,1,(2013) (Japan) (theatrical)
831757,2082322,1828,1,(2013) (Netherlands) (DVD) (Blu-ray)
831757,2082322,1828,1,(2013) (Netherlands) (DVD) (Blu-ray)
831745,2082322,521,1,(2013) (Argentina) (DVD)
832196,2082699,1711,1,(2013) (UK) (theatrical)
832201,2082699,1677,1,(2013) (Netherlands) (DVD)
832315,2082817,2516,1,(2007) (France) (theatrical)
2201975,2087377,11613,2,
839429,2091575,8558,1,(2009) (Sweden) (DVD)
846014,2098266,774,1,(2001) (worldwide) (DVD)
846375,2098736,1749,1,(198?) (Netherlands) (VHS)
852562,2105132,51515,1,(2010) (USA) (theatrical)
852740,2105376,11745,1,(1997) (Spain) (theatrical)
854163,2106898,1680,1,(2004) (Finland) (theatrical) (DVD) (VHS)
855371,2108311,425,1,(2012) (USA) (DVD) (Blu-ray)
857214,2110557,475,1,(2008) (USA) (theatrical)
863551,2117581,52,1,(2006) (Canada) (DVD) (Collector's Edition)
864105,2117933,1680,1,(2007) (Finland) (all media)
864179,2118014,1717,1,(2003) (USA) (subtitled)
864291,2118093,34,1,(2005) (USA) (DVD)
866541,2120905,969,1,
866559,2120909,2222,1,(2009) (Finland) (DVD) (Blu-ray)
2236299,2122875,99155,2,(associate production)
873039,2127988,19861,1,(1980s) (Canada) (VHS)
873588,2128394,2609,1,(2006) (Argentina) (VHS) (re-edited)
879457,2134996,8850,1,(2006) (Czech Republic) (theatrical)
2248214,2136025,29216,2,(in association with)
883312,2138792,17126,1,(UK)
888947,2145786,11875,1,(2006) (worldwide) (DVD)
889472,2146380,2017,1,(2008) (Netherlands) (TV) (limited)
893873,2151687,12209,1,(2009) (Austria) (all media)
897966,2155481,181,1,(2013) (Japan) (TV)
897966,2155481,181,1,(2013) (Japan) (TV)
898015,2155527,6881,1,(2012) (Hong Kong) (DVD) (Blu-ray)
899035,2156947,24650,1,(1955) (Iraq) (theatrical)
903369,2161788,426,1,(2014) (Netherlands) (theatrical)
904966,2163921,1972,1,(2013) (Kazakhstan) (theatrical)
905311,2164373,1310,1,(2013) (worldwide) (all media)
906099,2165987,15121,1,(2010) (Germany) (all media)
910131,2171090,1310,1,(2012) (Japan) (theatrical)
2280009,2171090,114,2,
910125,2171090,91,1,(2013) (USA) (theatrical)
915579,2176769,2716,1,(2004) (Netherlands) (DVD)
916216,2177341,24887,1,(1976) (Italy) (theatrical)
2294588,2187191,196,2,
925866,2188838,17294,1,
932347,2196552,1713,1,(2008) (Singapore) (theatrical)
933880,2198256,13226,1,(1953) (USA) (theatrical)
935049,2199691,4360,1,(2004) (Netherlands) (VHS)
939017,2204143,1352,1,(USA) (DVD)
939111,2204194,10455,1,(2011) (Switzerland) (all media)
939691,2204725,530,1,(2013) (Netherlands) (DVD) (Blu-ray)
940198,2205350,1351,1,(2007) (USA) (DVD)
949649,2216928,8008,1,(????) (Australia) (VHS)
952749,2220541,6726,1,(2012) (France) (theatrical)
953663,2221911,3139,1,
957715,2227162,11331,1,(1952) (Austria) (theatrical)
961507,2230770,57744,1,(2007) (worldwide) (DVD)
966064,2236111,426,1,(2013) (Netherlands) (DVD) (retail)
966684,2236433,452,1,(2012) (USA) (DVD)
966691,2236433,475,1,(2012) (USA) (theatrical)
966815,2236557,3571,1,(2008) (Japan) (theatrical)
969526,2239919,2610,1,(2003) (Serbia and Montenegro) (DVD)
969962,2240258,1427,1,(2012) (USA) (theatrical)
969968,2240258,52,1,(2012) (USA) (DVD) (Blu-ray)
969965,2240258,51,1,(2013) (Netherlands) (DVD)
969965,2240258,51,1,(2013) (Netherlands) (DVD)
2344833,2243286,90584,2,(in association with)
974664,2244694,17888,1,(2005) (Japan) (theatrical)
978532,2247697,34,1,(2012) (USA) (DVD)
978513,2247697,521,1,(2013) (Argentina) (DVD)
978517,2247697,846,1,(2012) (USA) (theatrical)
2349816,2248454,201160,2,
980282,2249278,12306,1,(1934) (USA) (theatrical) (states rights system)
2353416,2252425,165767,2,
987515,2257040,1828,1,(2012) (Netherlands) (DVD) (Blu-ray)
987514,2257040,1828,1,(2012) (Netherlands) (DVD)
987513,2257040,1828,1,(2012) (Netherlands) (theatrical)
987515,2257040,1828,1,(2012) (Netherlands) (DVD) (Blu-ray)
987523,2257040,1085,1,(2013) (Japan) (DVD)
987514,2257040,1828,1,(2012) (Netherlands) (DVD)
987513,2257040,1828,1,(2012) (Netherlands) (theatrical)
987513,2257040,1828,1,(2012) (Netherlands) (theatrical)
987514,2257040,1828,1,(2012) (Netherlands) (DVD)
987523,2257040,1085,1,(2013) (Japan) (DVD)
987618,2257084,531,1,(2012) (USA) (DVD) (Blu-ray)
987616,2257084,1451,1,(2012) (USA) (theatrical)
987600,2257084,530,1,(2012) (Netherlands) (DVD) (Blu-ray)
987598,2257084,579,1,(2012) (UK) (DVD) (Blu-ray)
2358062,2257084,1451,2,(presents)
987616,2257084,1451,1,(2012) (USA) (theatrical)
990480,2260359,12109,1,(2009) (Greece) (theatrical)
998581,2268520,5194,1,(2000) (UK) (DVD)
1000456,2270371,2045,1,(2011) (USA) (DVD)
1004649,2275355,1713,1,(2013) (Singapore) (theatrical)
1004646,2275355,521,1,(2013) (Argentina) (DVD)
2374694,2275355,1695,2,
1004646,2275355,521,1,(2013) (Argentina) (DVD)
1004652,2275355,1828,1,(2013) (Netherlands) (theatrical)
1010490,2280998,2,1,(2012) (worldwide) (all media)
1020407,2291755,28932,1,(1937) (Denmark) (theatrical)
1021371,2292728,460,1,(2013) (Germany) (DVD)
1021351,2292728,1709,1,(2012) (USA) (theatrical)
1021351,2292728,1709,1,(2012) (USA) (theatrical)
1021358,2292728,1434,1,(2013) (Netherlands) (DVD)
1021358,2292728,1434,1,(2013) (Netherlands) (DVD)
1021359,2292728,1434,1,(2013) (USA) (DVD) (Blu-ray)
1021351,2292728,1709,1,(2012) (USA) (theatrical)
1021351,2292728,1709,1,(2012) (USA) (theatrical)
2403456,2308063,208818,2,
1038182,2309856,1713,1,(2013) (Singapore) (theatrical)
1038561,2310187,17466,1,
1038833,2310413,595,1,(1993) (Finland) (TV)
1040170,2311164,52,1,(2012) (USA) (DVD)
1040169,2311164,1484,1,(2012) (Germany) (DVD)
1042824,2313992,1828,1,(2013) (Netherlands) (DVD)
1042952,2314090,8416,1,
1043402,2314533,579,1,(2012) (UK) (DVD) (Blu-ray)
1043393,2314533,1408,1,(2012) (Vietnam) (all media)
2413600,2319403,47223,2,
2417078,2323264,109,2,(participation)
1053133,2324224,862,1,(2013) (Hungary) (TV)
1053640,2324802,1627,1,(2013) (Germany) (DVD)
1055207,2326539,15346,1,(200?) (Ukraine) (theatrical)
2421259,2328057,603,2,
1056638,2328057,865,1,(2012) (Finland) (all media)
2421265,2328057,302,2,
2422947,2329349,119,2,(in association with)
1063594,2335632,530,1,(2013) (Netherlands) (DVD) (Blu-ray)
1063612,2335632,531,1,(2012) (USA) (DVD) (Blu-ray)
1069423,2341253,52,1,(2012) (USA) (DVD)
2433514,2341253,1709,2,(presents)
2433514,2341253,1709,2,(presents)
1071810,2343415,7848,1,(????) (Brazil) (DVD)
1071812,2343415,1705,1,(1992) (USA) (laserdisc)
1072899,2344067,1527,1,(2004) (USA) (DVD) (VHS)
1073402,2344435,12737,1,(2012) (Portugal) (theatrical)
1074395,2345172,1434,1,"""(2009) (USA) (DVD) (Included in ""The Jack Lemmon Star collection"")"""
2443283,2351864,1451,2,(presentation)
2443283,2351864,1451,2,(presentation)
1083208,2351864,579,1,(2012) (UK) (DVD)
1083200,2351864,521,1,(2013) (Argentina) (DVD)
1083209,2351864,579,1,(2012) (UK) (DVD) (Blu-ray)
1083200,2351864,521,1,(2013) (Argentina) (DVD)
1083200,2351864,521,1,(2013) (Argentina) (DVD)
1083210,2351864,530,1,(2012) (Netherlands) (DVD) (Blu-ray) (rental)
1083212,2351864,530,1,(2013) (Netherlands) (DVD) (Blu-ray) (retail)
1083210,2351864,530,1,(2012) (Netherlands) (DVD) (Blu-ray) (rental)
1083209,2351864,579,1,(2012) (UK) (DVD) (Blu-ray)
1083222,2351864,531,1,(2012) (USA) (DVD) (Blu-ray)
1083221,2351864,531,1,(2012) (USA) (DVD)
1083213,2351864,530,1,(2013) (Netherlands) (DVD) (retail)
1085126,2353227,2791,1,
1085134,2353228,3797,1,(2009) (Finland) (DVD) (Blu-ray) (both cropped to 1.78:1)
1085761,2353741,31,1,(2013) (Netherlands) (TV) (RTL7)
1086472,2354300,1878,1,(2012) (Argentina) (theatrical)
1091198,2358169,4787,1,(Greece)
1093030,2359463,452,1,(2013) (USA) (DVD)
1093044,2359463,475,1,(2013) (USA) (theatrical)
1093459,2359716,1767,1,(Brazil) (DVD)
1093923,2360094,1620,1,(2013) (USA) (all media)
2452173,2361163,32761,2,
1096168,2361680,1571,1,(2011) (United Arab Emirates) (all media) (Middle East)
1097221,2362330,530,1,(2012) (Netherlands) (DVD)
1102463,2366568,1085,1,(2013) (Japan) (DVD)
1102443,2366568,426,1,(2012) (Netherlands) (theatrical)
1102463,2366568,1085,1,(2013) (Japan) (DVD)
1102462,2366568,1085,1,(2012) (Japan) (theatrical)
2461319,2370863,63436,2,
1113275,2374658,846,1,(2012) (USA) (theatrical)
1116256,2376689,426,1,(2013) (Netherlands) (theatrical)
2468340,2378095,35236,2,
2468445,2378217,159,2,(presents: An MGM Cartoon in Technicolor) (A Rudolf Ising Production)
1119836,2379130,11764,1,(2011) (Australia) (all media)
1122239,2380677,1283,1,(2005) (USA) (DVD)
1122915,2381167,1878,1,(2005) (Argentina) (theatrical)
1124822,2382585,2405,1,(2003) (Japan) (theatrical)
2473806,2383681,97529,2,
1127732,2384569,2980,1,(2007) (Greece) (theatrical)
1130716,2386840,17058,1,(1930) (France) (theatrical)
1132982,2388287,475,1,(2012) (USA) (theatrical)
1134572,2389353,1736,1,(2012) (Brazil) (DVD) (Blu-ray)
1134565,2389353,1878,1,(2012) (Argentina) (theatrical)
1134562,2389353,846,1,(2012) (USA) (theatrical)
1135286,2389938,11328,1,(1997) (Australia) (theatrical) (35mm print)
1139072,2392653,425,1,(2013) (USA) (DVD) (Blu-ray)
1139071,2392653,425,1,(2013) (USA) (DVD)
1145346,2397279,699,1,(2012) (USA) (all media)
2487298,2397711,148807,2,
1149626,2400378,1828,1,(2013) (Netherlands) (DVD)
1149626,2400378,1828,1,(2013) (Netherlands) (DVD)
1152543,2402389,52,1,(2012) (USA) (DVD) (Blu-ray)
2491814,2402389,1709,2,(present)
1152543,2402389,52,1,(2012) (USA) (DVD) (Blu-ray)
1153560,2403238,1828,1,(2012) (Netherlands) (theatrical)
1153557,2403238,1713,1,(2012) (Singapore) (theatrical)
1156553,2405562,1609,1,(1984) (USA) (video)
1157307,2406097,579,1,(2012) (UK) (DVD)
1157309,2406097,530,1,(2012) (Netherlands) (DVD)
1157307,2406097,579,1,(2012) (UK) (DVD)
1157292,2406097,452,1,(2012) (USA) (DVD) (Blu-ray)
1157314,2406097,228,1,(2012) (Germany) (DVD)
1160007,2408312,1347,1,(2011) (Germany) (DVD)
1162678,2410304,480,1,(2005) (USA) (DVD)
1169728,2415643,11980,1,(2010) (Taiwan) (all media)
1172658,2418026,2840,1,(1998) (USA) (VHS)
2507558,2418565,222669,2,
1177521,2421249,10455,1,(2011) (Switzerland) (all media)
1182827,2425479,475,1,(2012) (USA) (theatrical)
2514297,2425479,475,2,(presents) (as Twentieth Century Fox)
1182827,2425479,475,1,(2012) (USA) (theatrical)
2517915,2429182,73724,2,
1188598,2429795,12871,1,(1991) (Germany) (theatrical)
1188960,2430212,8416,1,(2006) (USA) (theatrical)
1189710,2430784,2039,1,(1973) (UK) (theatrical)
2519892,2431508,44467,2,
1190479,2431509,2545,1,(2001) (Sweden) (theatrical)
1190921,2431978,1760,1,(2013) (USA) (all media)
1191217,2432273,475,1,(2012) (USA) (theatrical)
1191218,2432273,461,1,(2012) (Netherlands) (DVD)
1191200,2432273,452,1,(2012) (USA) (DVD) (Blu-ray)
1193778,2434721,347,1,(2011) (Finland) (TV)
1194099,2434935,871,1,(2012) (USA) (all media)
1195517,2436690,774,1,(2009) (Australia) (TV)
1196870,2438179,11414,1,(2012) (Argentina) (DVD) (2-disc edition)
1197577,2439277,11135,1,(19??) (Brazil) (VHS)
2532219,2445202,17460,2,(participation)
1205664,2447357,426,1,(2012) (Netherlands) (DVD) (Blu-ray)
1205663,2447357,426,1,(2012) (Netherlands) (DVD)
1216575,2459589,22166,1,(1988) (USA) (VHS)
2546940,2460693,1716,2,(co-production)
1217435,2460693,1716,1,(2012) (France) (theatrical)
1220151,2464072,10339,1,(2007) (worldwide) (all media)
1223116,2466912,9868,1,
1223196,2466981,12249,1,(2006) (Singapore) (theatrical)
1223415,2467167,930,1,(2012) (Germany) (all media)
1223389,2467167,809,1,(2012) (Canada) (all media)
1223411,2467167,52,1,(2013) (USA) (DVD) (Blu-ray)
1224258,2468114,13456,1,(2010) (Canada) (theatrical)
1224800,2469119,1119,1,(2008) (Canada) (DVD)
2556691,2469620,118692,2,(in association with)
1228296,2473236,425,1,(2012) (USA) (DVD)
1243505,2491732,12,1,
1253373,2501106,295,1,(2001) (Netherlands) (DVD)
1259472,2507125,1347,1,(2012) (Germany) (DVD) (Blu-ray)
2591424,2507153,65601,2,
2591756,2507569,73399,2,
1261675,2510081,3898,1,(2005) (France) (theatrical)
1265483,2514613,2561,1,(2011) (USA) (theatrical)
1265662,2514851,450,1,(????) (Brazil) (DVD)
1266312,2515305,33,1,(198?) (Netherlands) (VHS)
1268819,2518791,1676,1,(2013) (Japan) (theatrical)
1268825,2518791,52,1,(2013) (USA) (DVD) (Blu-ray)
1268829,2518791,1451,1,"""(2012) (Non-USA) (all media) (only in UK"
1268817,2518791,1709,1,(2012) (USA) (theatrical)
1270910,2521373,480,1,(2004) (USA) (DVD)
1271859,2522624,228,1,(2012) (Germany) (DVD)
2605449,2522624,64,2,
