id,title,imdb_index,kind_id,production_year,imdb_id,phonetic_code,episode_of_id,season_nr,episode_nr,series_years,md5sum
19576,90210,,2,2008,0,,0,0,0,2008-????,cd430c1df64804d62d2508d8349efbe5
60865,Scales of Justice,,7,1994,0,S2421,60857,2,3,,50959e12d23c919b12e8e6de0ce2613d
73564,I Am Anne Frank: Part 2,,7,2012,0,A5165,73554,2,5,,88dd9e0f79b8cfcf0e5dfb2a08b5e6dd
74601,Katherine Anne Porter: The Eye of Memory,,7,1986,0,K3651,74512,1,3,,f86018d55d0246ad8fbb73fc52d36f85
74680,W. Eugene Smith: Photography Made Difficult,,7,1989,0,W2525,74512,4,8,,30a4e7106a8709233cde717d8c8cc0b6
138933,The Money Man,,7,1998,0,M5,138909,1,7,,c30451dff824e2c7f63ca4c49802c3f6
181193,Bret Maverick,,2,1981,0,B6351,0,0,0,1981-1982,ff113aeffb022e9c843ac1b5399a0844
206797,Black Blizzard,,7,2003,0,B4214,206793,1,4,,5b49173f584fdb42b5635460b39d4355
214151,Cavegirl,,2,2002,0,C1264,0,0,0,2002-????,76853d54d0129e0198f9da51781caa8b
225880,"""Rich Man", Wood,0,7,1992,,0,225706,10,19,
290033,Jones,,7,2007,0,J52,289961,2,18,,43287636a94ab3c31d025a7ed8987b16
385398,Dragon Ball Z,,2,1989,0,D6251,0,0,0,1989-2003,2e0d38d5bba8b2e52c5faf277b420be6
483396,Whatever It Takes,,7,2010,0,W3163,483324,3,4,,49d7b0208c7514620b2d43db7f936c1e
569312,"""Murder", Murd,0,7,1980,,0,569243,2,1,
586768,Higurashi no naku koro ni,,2,2006,0,H2625,0,0,0,2006-????,38d8a93123f442abc58c9f29bafa9036
654621,Inuyasha,,2,2000,0,I52,0,0,0,2000-2005,0cc47f28a983cd30ca35fa45199f6a5e
861930,Goblin's Gold,,7,2010,0,G1452,861918,3,3,,eac82e59ad62216da6e1733b43352170
891689,Mr. Majeika,,2,1988,0,M652,0,0,0,1988-????,cb2af4973c6bbc26b10f31bddba519fd
1103532,Ryan's Four,,7,1983,0,R5216,1103528,1,0,,0f6ce4a6c4696bdeef191abcefe1477e
1287728,The Billy Crystal Comedy Hour,,2,1982,0,B4262,0,0,0,1982-????,db838bcc8491508ba05ca47c06533c37
1317287,The Diary of Anne Frank,,2,1987,0,D6151,0,0,0,1987-????,4d145e3d25d76c7cbdb5e17eae99fa6b
1361193,The League of Gentlemen,,2,1999,0,L2125,0,0,0,1999-2002,38467b33def279e805d5ce06bc785c4f
1365932,Boomerang/Captain's Triangle/Out of This World,,7,1980,0,B5652,1365902,4,10,,a30fe0ec6e5a1fdd2880c6c83011cad5
1374438,Put Out the Welcome Mat for Death,,7,1973,0,P3425,1374372,5,19,,35015beb3e415aae2365026f41037b44
1380173,The New Batman Adventures,,2,1997,0,N1353,0,0,0,1997-1999,bced2d5e1e412f1d5c0202a31e56a48d
1492921,Totally Spies!,,2,2001,0,T3421,0,0,0,2001-2012,ef002be322885705248447207d61f757
1639199,21 Jump Street,,1,2012,0,J5123,0,0,0,,1a5fc823df201f370c529e241f461ff1
1639199,21 Jump Street,,1,2012,0,J5123,0,0,0,,1a5fc823df201f370c529e241f461ff1
1639199,21 Jump Street,,1,2012,0,J5123,0,0,0,,1a5fc823df201f370c529e241f461ff1
1639199,21 Jump Street,,1,2012,0,J5123,0,0,0,,1a5fc823df201f370c529e241f461ff1
1639199,21 Jump Street,,1,2012,0,J5123,0,0,0,,1a5fc823df201f370c529e241f461ff1
1639421,24 Hour Party People,,1,2002,0,H6163,0,0,0,,0ea8f37053ff09f8cf87cdf07271ad08
1642309,54,,1,1998,0,,0,0,0,,2b83232161c6518d09af28aafca141df
1642446,6 Bullets,,1,2012,0,B432,0,0,0,,a6c5bd3b569b19198a9a02ad7a7078cd
1643482,88 Minutes,,1,2007,0,M532,0,0,0,,145a2f99f67d7e45b82b7e337ae7c42a
1646065,A Clockwork Orange,,1,1971,0,C4262,0,0,0,,725e7e3b158212454ba73e264bbdf484
1656647,A Scent of Heather,,1,1980,0,S2531,0,0,0,,3921019d30001f5f32d9726e923dc6cf
1663288,Abraham Lincoln: Vampire Hunter,,1,2012,0,A1654,0,0,0,,3d624f81320258ba79ee2ca53b8e869f
1663288,Abraham Lincoln: Vampire Hunter,,1,2012,0,A1654,0,0,0,,3d624f81320258ba79ee2ca53b8e869f
1663288,Abraham Lincoln: Vampire Hunter,,1,2012,0,A1654,0,0,0,,3d624f81320258ba79ee2ca53b8e869f
1663288,Abraham Lincoln: Vampire Hunter,,1,2012,0,A1654,0,0,0,,3d624f81320258ba79ee2ca53b8e869f
1663288,Abraham Lincoln: Vampire Hunter,,1,2012,0,A1654,0,0,0,,3d624f81320258ba79ee2ca53b8e869f
1663288,Abraham Lincoln: Vampire Hunter,,1,2012,0,A1654,0,0,0,,3d624f81320258ba79ee2ca53b8e869f
1665416,Adam & Steve,,1,2005,0,A3523,0,0,0,,68ca31e5b05ebea7ebaf698e52db310e
1670633,Air Bud: Golden Receiver,,1,1998,0,A6132,0,0,0,,65d55aaad951fda7449471aa899ff621
1671749,Akoibon,,1,2005,0,A215,0,0,0,,8d3d04871ab0bf415ad3e4f66733550b
1673578,Alex Cross,,1,2012,0,A4262,0,0,0,,c3fad9458c0a5ca67473f21ec4f872f5
1673578,Alex Cross,,1,2012,0,A4262,0,0,0,,c3fad9458c0a5ca67473f21ec4f872f5
1673598,Alex Kidd in Miracle World,,6,1986,0,A4235,0,0,0,,ed1734952446cb35e6d0846bab1ecbf9
1676804,Alle Anderen,,1,2009,0,A4536,0,0,0,,a99a78aa7080c9ba8514933a8222a4f8
1678040,Along Came Polly,,1,2004,0,A4525,0,0,0,,b1aa734d0375b1fae88924d410486bbb
1679328,Amagi goe,,3,1978,0,A52,0,0,0,,6524f4f1269872084b5c035129f0cbca
1680908,American Courtesans,,1,2013,0,A5625,0,0,0,,0e3d18c0b96f40b1c9cb51f03bc28e9e
1681388,American Psycho,,1,2000,0,A5625,0,0,0,,da8e03444a28598d66c15d0f2af0112f
1686057,Anatomie de l'enfer,,1,2004,0,A5353,0,0,0,,e1502d1bb849613d1dd703b0ea6f129c
1687795,Angel Heart,,1,1987,0,A5246,0,0,0,,0df3a1e808ce71b0663a2e83754036ad
1689585,Anna to the Infinite Power,,1,1983,0,A5351,0,0,0,,944e70ba59858f697da3c433028d6f6c
1694576,Argo,,1,2012,0,A62,0,0,0,,f816722abc4ee13423ab42cb30927340
1694576,Argo,,1,2012,0,A62,0,0,0,,f816722abc4ee13423ab42cb30927340
1694576,Argo,,1,2012,0,A62,0,0,0,,f816722abc4ee13423ab42cb30927340
1694576,Argo,,1,2012,0,A62,0,0,0,,f816722abc4ee13423ab42cb30927340
1694576,Argo,,1,2012,0,A62,0,0,0,,f816722abc4ee13423ab42cb30927340
1694576,Argo,,1,2012,0,A62,0,0,0,,f816722abc4ee13423ab42cb30927340
1694576,Argo,,1,2012,0,A62,0,0,0,,f816722abc4ee13423ab42cb30927340
1695237,Armored Car Robbery,,1,1950,0,A6563,0,0,0,,4e1434c1ec74ce50573c5c8b9236ad7f
1700049,Astérix et la surprise de César,,1,1985,0,A2362,0,0,0,,630351a35d0f180074a9c46b33e1c82e
1700275,At Any Price,,1,2012,0,A3516,0,0,0,,1d744a33c760aee32448c615a23faf18
1707363,Baby: Secret of the Lost Legend,,1,1985,0,B1263,0,0,0,,9ff2bd8613af9921feca715f82fddee0
1707638,Bachelorette,,1,2012,0,B2463,0,0,0,,287b9fc646bf4e6ec901f09f01e03dee
1710155,Bait,III,1,2012,0,B3,0,0,0,,199e079567b7c499d361b5f596d602f5
1710155,Bait,III,1,2012,0,B3,0,0,0,,199e079567b7c499d361b5f596d602f5
1710155,Bait,III,1,2012,0,B3,0,0,0,,199e079567b7c499d361b5f596d602f5
1710155,Bait,III,1,2012,0,B3,0,0,0,,199e079567b7c499d361b5f596d602f5
1713837,Barely Legal 34,,4,2003,0,B6424,0,0,0,,0316f0d53be27ba6ae6fe787f4870731
1716058,Battleship,,1,2012,0,B3421,0,0,0,,732c3c98e8edf0b25fd8d2e4f478e4a1
1716058,Battleship,,1,2012,0,B3421,0,0,0,,732c3c98e8edf0b25fd8d2e4f478e4a1
1716058,Battleship,,1,2012,0,B3421,0,0,0,,732c3c98e8edf0b25fd8d2e4f478e4a1
1717248,Beasts of the Southern Wild,,1,2012,0,B2321,0,0,0,,545a66a06fcd83334e568608cc2d232b
1717975,Beauty Is Embarrassing,,1,2012,0,B3251,0,0,0,,19cc30549c95ac9b08d398a7f55c3620
1717975,Beauty Is Embarrassing,,1,2012,0,B3251,0,0,0,,19cc30549c95ac9b08d398a7f55c3620
1720769,Bella Martha,,1,2001,0,B4563,0,0,0,,a4b8696355480fcb25fba47dec1dd646
1721478,Ben-Hur,,1,1959,0,B56,0,0,0,,ef67df3d5b6431251c4fc697adbfbdb1
1727602,Big Miracle,,1,2012,0,B2562,0,0,0,,8305d3f1138927be9171a0f96819a3b6
1727602,Big Miracle,,1,2012,0,B2562,0,0,0,,8305d3f1138927be9171a0f96819a3b6
1729114,Billie,,1,1965,0,B4,0,0,0,,69bdad45ff6e9462de62532309820f25
1731939,Black Coat Mob,,1,2012,0,B4235,0,0,0,,42f93d5f6e98bcd3f7ac3b9cc94d4798
1732333,Black Hawk Down,,1,2001,0,B4235,0,0,0,,06a2259c33ef239949414252c8d5104d
1734550,Blind Fury,,1,1989,0,B4531,0,0,0,,a777e54bb9b6fe9b52f46ef4ec9d8a1e
1735567,Blood Diamond,,1,2006,0,B4353,0,0,0,,720441d7475420e4ed916c7209b99308
1743959,Branded,,1,2012,0,B653,0,0,0,,f42106dd13e7dfdfb5198c6fb70395c3
1744277,Braveheart,,1,1995,0,B6163,0,0,0,,22c4a7d40365940185eeccb4168fcc3d
1751321,Burlesque,I,1,2010,0,B642,0,0,0,,a46d992f0213eb4345043dfb4ed53688
1752558,Butch Cassidy and the Sundance Kid,,1,1969,0,B3235,0,0,0,,9426b38d93b29df22515dcf3642fac32
1758281,Candyman,,1,1992,0,C535,0,0,0,,71ba136be003cb117744481e310b31f8
1764320,Ce que mes yeux ont vu,,1,2007,0,C2525,0,0,0,,867a423f6cdde12adad7a6f0f3bb0d6a
1764687,Celeste & Jesse Forever,,1,2012,0,C4232,0,0,0,,9fb6608c72516889482966ca72eb8e3d
1768214,Charlotte,,1,1981,0,C643,0,0,0,,429686ff389424b48993b2076e68dbc1
1769447,Cheech & Chong's The Corsican Brothers,,1,1984,0,C2523,0,0,0,,1255c7b929bb0696c137793345f476f4
1770152,Chernobyl Diaries,,1,2012,0,C6514,0,0,0,,8a189d797d66320544483597e4fe45a9
1773981,"""Chris Rock: Kill the Messenger - London", New ,0,0,3,2008,0,0,0,,
1774469,Christmas Vacation,,1,1989,0,C6235,0,0,0,,4f8f85e2029544fe1a35dda8cc56f150
1775512,Chéri,,1,2009,0,C6,0,0,0,,4cc7036e9baf2a03c9ca07dedb442b27
1780674,Cobra,,1,1986,0,C16,0,0,0,,58c3bd2cd23ef02c64717721dce2b5b0
1781140,Code 46,,1,2003,0,C3,0,0,0,,7add5e9f23f8e8fbbc08bb599834dc61
1784270,Command Performance,,1,2009,0,C5316,0,0,0,,76d2687a0b0ac2b8b0c996463600610d
1785652,Conan the Barbarian,,1,2011,0,C5316,0,0,0,,ddf1b4263470274e940d3c4650c33a46
1789757,Cosmopolis,,1,2012,0,C2514,0,0,0,,6b0539ba15a9f40494fa6383358c2e13
1789757,Cosmopolis,,1,2012,0,C2514,0,0,0,,6b0539ba15a9f40494fa6383358c2e13
1794362,Croupier,,1,1998,0,C616,0,0,0,,ed02a35d5db428e18ee7cc032ab5b3e5
1797355,Curse of the Pink Panther,,1,1983,0,C6213,0,0,0,,fd207eafe4b023755f77d591417ceb89
1797731,Cutter's Way,,1,1981,0,C362,0,0,0,,c00a349f798084d898a13b706344b19d
1804598,Darr,,1,1993,0,D6,0,0,0,,0a61f0b521c91c357fac7af97631021b
1807863,David Alan Grier: Comedy You Can Believe In,,3,2009,0,D1345,0,0,0,,81fb789b771ed56fb4e70fcfe24068ba
1808505,Day of Wrath,,1,2006,0,D163,0,0,0,,086145d64956d78a6690faaa64317afc
1808588,Daybreakers,,1,2009,0,D1626,0,0,0,,8241553d91ba24a90d484458d802f96a
1808815,Dazed and Confused,,1,1993,0,D2353,0,0,0,,ac69504196d929bd4a81a32befc502cc
1810263,De rouille et d'os,,1,2012,0,R432,0,0,0,,a3dda9c42511e4bd353e3e1eeef1823b
1810263,De rouille et d'os,,1,2012,0,R432,0,0,0,,a3dda9c42511e4bd353e3e1eeef1823b
1810263,De rouille et d'os,,1,2012,0,R432,0,0,0,,a3dda9c42511e4bd353e3e1eeef1823b
1810263,De rouille et d'os,,1,2012,0,R432,0,0,0,,a3dda9c42511e4bd353e3e1eeef1823b
1810263,De rouille et d'os,,1,2012,0,R432,0,0,0,,a3dda9c42511e4bd353e3e1eeef1823b
1811168,Dead Man Down,,1,2013,0,D3535,0,0,0,,ea21329c4a42484f19ece38fc48d6710
1811168,Dead Man Down,,1,2013,0,D3535,0,0,0,,ea21329c4a42484f19ece38fc48d6710
1830688,Die Schlangengrube und das Pendel,,1,1967,0,S2452,0,0,0,,e87fe6cfa2178e846f6af058da4de236
1836438,Django Unchained,,1,2012,0,D2525,0,0,0,,9383418fe7bfb515114fd2e20524efd7
1836696,Do Começo ao Fim,,1,2009,0,D2515,0,0,0,,703fb2db551f840f9be6359f6fe035f7
1837134,Do-nui mat,,1,2012,0,D53,0,0,0,,b381faf948ff9aea4923e69d25c142b5
1839943,Don't Come Knocking,,1,2005,0,D5325,0,0,0,,0def2331057f4cc7cefb2b377f4364cf
1845819,Dredd,,1,2012,0,D63,0,0,0,,d5b31d4bf5f623468e4cde039b10524a
1845819,Dredd,,1,2012,0,D63,0,0,0,,d5b31d4bf5f623468e4cde039b10524a
1845819,Dredd,,1,2012,0,D63,0,0,0,,d5b31d4bf5f623468e4cde039b10524a
1845819,Dredd,,1,2012,0,D63,0,0,0,,d5b31d4bf5f623468e4cde039b10524a
1845819,Dredd,,1,2012,0,D63,0,0,0,,d5b31d4bf5f623468e4cde039b10524a
1845819,Dredd,,1,2012,0,D63,0,0,0,,d5b31d4bf5f623468e4cde039b10524a
1845819,Dredd,,1,2012,0,D63,0,0,0,,d5b31d4bf5f623468e4cde039b10524a
1845819,Dredd,,1,2012,0,D63,0,0,0,,d5b31d4bf5f623468e4cde039b10524a
1845819,Dredd,,1,2012,0,D63,0,0,0,,d5b31d4bf5f623468e4cde039b10524a
1848002,Duck Soup,,1,1933,0,D21,0,0,0,,0d082cd717e43bf2fe2add647a9710a8
1848747,Dumb & Dumber,,1,1994,0,D5135,0,0,0,,08ae85163d630180bc33a798aa20227c
1849490,Dust Up,,1,2012,0,D231,0,0,0,,ab8973419fc6ba764745090a82025a7d
1850252,Dyut meng gam,,1,2011,0,D3525,0,0,0,,429c4a19b3d47a28c31a79ebe3c12054
1850829,Días de pesca,,1,2012,0,D2312,0,0,0,,075a6f1ca1b740bc22f91632bc80d1c8
1853283,Eden Lake,,1,2008,0,E3542,0,0,0,,106bcf3c6a398d648db440cb12acd529
1860661,El Lute (camina o revienta),,1,1987,0,L3256,0,0,0,,fcbe9d49308e1cd84eaf187ebb3ddebd
1859935,El hijo de la novia,,1,2001,0,H2345,0,0,0,,a4609bd41fb41216c0572349529e9df4
1861060,El muerto y ser feliz,,1,2012,0,M6326,0,0,0,,bd3b17bca4d0c94889fc8fbf3639b72a
1861386,El orfanato,,1,2007,0,O6153,0,0,0,,a42b4cf82b83619a4af633e684a8ff46
1866056,Embrace of the Vampire,,1,1995,0,E5162,0,0,0,,2d68754d66764826c3d6d1cc356cbbbe
1868628,End of Watch,,1,2012,0,E5313,0,0,0,,d2e03e7c807864a7fbf5a3fb37c335c8
1868628,End of Watch,,1,2012,0,E5313,0,0,0,,d2e03e7c807864a7fbf5a3fb37c335c8
1871525,Erik the Viking,,1,1989,0,E6231,0,0,0,,338a0bc3e594e497b0424ba52aaa9a2a
1872105,Erotikon,,1,1920,0,E6325,0,0,0,,2ab1aaf942e32ef91ba741c37c5ad3f9
1877091,Evil Feed,,1,2013,0,E1413,0,0,0,,bdd36c56db246e279059376759ebb6ff
1884469,Fast Food Nation,,1,2006,0,F2313,0,0,0,,65abcb880e2113b1fda969f7dcf183e2
1885397,Fatty Finn,,1,1980,0,F315,0,0,0,,05edaaa885734f28668b6abecc4233d6
1888135,Fetih 1453,,1,2012,0,F3,0,0,0,,c40ba2eec5045d7edf623e3a3977bcad
1895141,Florbela,,1,2012,0,F4614,0,0,0,,225cf0e731343f1ee50f2ca18fdd85d4
1908510,Führer Ex,,1,2002,0,F62,0,0,0,,98666c3b8a5df06017a61c866fb849d3
1920061,Glasblåsarns barn,,1,1998,0,G4214,0,0,0,,83c94a6cd191ddb853e056a8f3d8acb5
1920388,Gli equilibristi,,1,2012,0,E2416,0,0,0,,36be0b87a485834e54726197308ec9d6
1922723,Gojira tai Mosura tai Mekagojira: Tôkyô S.O.S.,,1,2003,0,G2635,0,0,0,,de6406bd6c01c3717c9e1f6cc341b1f3
1923855,Gone with the Wind,,1,1939,0,G5353,0,0,0,,43cffebe00bcf3c9f3ca33d563bf21bf
1925819,Gouttes d'eau sur pierres brûlantes,,1,2000,0,G3232,0,0,0,,df67a67904c03019379583372d037f75
1925997,Grabbers,,1,2012,0,G6162,0,0,0,,de23b922e255d3bea3b9b61a5de6072b
1929179,Groundhog Day,,1,1993,0,G6532,0,0,0,,2f0a563d0b0a1f57a19385de5a8770e2
1935381,Hammett,,1,1982,0,H53,0,0,0,,451b42a6a3a59c3675706749c129781b
1936638,Hansel & Gretel: Witch Hunters,,1,2013,0,H5242,0,0,0,,01ecfa9373b6b77096cdf733b6511431
1936638,Hansel & Gretel: Witch Hunters,,1,2013,0,H5242,0,0,0,,01ecfa9373b6b77096cdf733b6511431
1938935,Harry Potter and the Goblet of Fire,,1,2005,0,H6136,0,0,0,,5c372252aa0feeb4b37aa04c7df812ec
1938942,Harry Potter and the Prisoner of Azkaban,,1,2004,0,H6136,0,0,0,,01e2d2136a8ea939ba173ab11a0f629e
1938842,Harry and the Hendersons,,1,1987,0,H6535,0,0,0,,5d5d27dfa25936cbf493962a67537bc4
1944597,Hellraiser III: Hell on Earth,,1,1992,0,H4626,0,0,0,,a200c0bc5043346375c13a9680b77578
1947315,Herr Bello,,1,2007,0,H614,0,0,0,,de522b1585a0cca85a90b06f852fe25b
1948448,Hi no tori 2772: Ai no kosumozon,,1,1980,0,H5365,0,0,0,,88b82dffd741cf4c2e54af2eeb1cca1a
1949184,High Fidelity,,1,2000,0,H2134,0,0,0,,e385485742c407f7a253f12f4c1993a8
1949881,Hijack,,1,1999,0,H2,0,0,0,,2b6f969283158b214554da43a48122c9
1951295,His Girl Friday,,1,1940,0,H2641,0,0,0,,1ac35f54ffaf4767f5604ee392ae1ac0
1956289,Hommage an Heinz Holecek,,1,2012,0,H5252,0,0,0,,47ff61de684c74e5fc1a93c857e2408e
1962193,Howl,,1,2010,0,H4,0,0,0,,39c53ae0cc7dc6422f76f0a6afd57ced
1965821,Hôkago middonaitâzu,,1,2012,0,H2535,0,0,0,,c882f02fe9ffc5da771cd050c355819f
1967483,I Give It a Year,,1,2013,0,G136,0,0,0,,26471d493cc5b3400213289950989c76
1968422,I Love You Phillip Morris,,1,2009,0,L1415,0,0,0,,f7f39aa7b0fb1a5c9fe9e939cc3abdc9
1969435,I Still Know What You Did Last Summer,,1,1998,0,S3425,0,0,0,,772cd2f402f3e1ccedbe92afb729261b
1972354,Idioterne,,1,1998,0,I365,0,0,0,,d9d838959ff7aefe3b4e82e2188d64f8
1977430,Iluminados por el fuego,,1,2005,0,I4532,0,0,0,,2e1126d312783e8952c6a24d806f5cfd
1981673,In the Name of the King: A Dungeon Siege Tale,,1,2006,0,I5351,0,0,0,,743f9574d243f53cd4de8678302d2d95
1982722,Inception,,1,2010,0,I5213,0,0,0,,aefb12dc2e17c6f81038674b27f446ca
1988031,Into the Sun,,1,2005,0,I5325,0,0,0,,4af0a49749c7b18f1c7a461363ddb188
1988910,Io e Caterina,,1,1980,0,I2365,0,0,0,,1483cd3851d659007a3ff60ea500480e
1989596,Iron Man 3,,1,2013,0,I65,0,0,0,,448ed12ab9d90ec76e05af9b29b9d807
1989614,Iron Sky,,1,2012,0,I652,0,0,0,,27454dd99d6f6a2d83828e944d1ebd36
1997182,Jaws 3-D,,1,1983,0,J23,0,0,0,,052fb21deacdb5bbfd699a66ca5c1eed
1997805,Jean de Florette,,1,1986,0,J5314,0,0,0,,91b466755956508619fcf8c314e853e6
1999299,Jesse James Meets Frankenstein's Daughter,,1,1966,0,J2525,0,0,0,,de55cea0d0572bb4d759cb58cc7de2a3
2002976,Johnny Two-Guns,,1,2014,0,J5325,0,0,0,,0ad5bdc39303200654d09f52a300ad04
2004290,Journey 2: The Mysterious Island,,1,2012,0,J6535,0,0,0,,5c610ed9d15a1f67b53006decb4d8d52
2004290,Journey 2: The Mysterious Island,,1,2012,0,J6535,0,0,0,,5c610ed9d15a1f67b53006decb4d8d52
2006059,Julien Donkey-Boy,,1,1999,0,J4535,0,0,0,,a4e029e7552ee93eaf6eccc98b8abfbe
2006899,Juno,,1,2007,0,J5,0,0,0,,9979c51ae7040e9c099d46f47133f3ae
2019540,Killing Bono,,1,2011,0,K4521,0,0,0,,08d8639c6bc071a3faf32f054f4e1717
2023071,Knight and Day,,1,2010,0,K5235,0,0,0,,993701700b90d37e1c1bbf7d7615649a
2024520,Kolja,,1,1996,0,K42,0,0,0,,98fe6bc71c3db5b3a6d5959ea8b81c55
2027464,Kruistocht in spijkerbroek,,1,2006,0,K6232,0,0,0,,748f8508825439043b3995155ee164e2
2028524,Kung Fu Panda 3,,1,2015,0,K5215,0,0,0,,724dfda2c6f524bc30abd763034bedce
2032838,L'enfant d'en haut,,1,2012,0,E5153,0,0,0,,b1b3becc028d390b6e4d2a23bce9f90a
2032838,L'enfant d'en haut,,1,2012,0,E5153,0,0,0,,b1b3becc028d390b6e4d2a23bce9f90a
2037890,La cité des enfants perdus,,1,1995,0,C3251,0,0,0,,d9b06eaf3d357324410006e564b31cfb
2044243,La môme,,1,2007,0,M5,0,0,0,,1c1e554b43e87cd19f6004abd567328d
2044426,La noche de las gaviotas,,1,1975,0,N2342,0,0,0,,e25b78a35b04cf43206f0974b298ba87
2054954,Last Vegas,,1,2013,0,L2312,0,0,0,,92f1ad44f1da44ade58f58ceb04607f2
2054954,Last Vegas,,1,2013,0,L2312,0,0,0,,92f1ad44f1da44ade58f58ceb04607f2
2056208,Lawless,,1,2012,0,L42,0,0,0,,82cbecf87fc05420bc44651310e14799
2056208,Lawless,,1,2012,0,L42,0,0,0,,82cbecf87fc05420bc44651310e14799
2062101,Le scaphandre et le papillon,,1,2007,0,S2153,0,0,0,,3a50a8e98dfc6d58f58ad75965be6d46
2063562,Leap Year,,1,2010,0,L16,0,0,0,,d7c6dbeef86597e2f90a08a52c652c34
2065613,Lenin v Parizhe,,1,1981,0,L5162,0,0,0,,09a5c1b848e7f6e8e76635c3185f833b
2065867,Leonard Part 6,,1,1987,0,L5631,0,0,0,,71190265f711c9e06184c166a6aefff1
2068450,Les Misérables,,1,2012,0,M2614,0,0,0,,95d77db7207c73ff81a0ca77f0708623
2068450,Les Misérables,,1,2012,0,M2614,0,0,0,,95d77db7207c73ff81a0ca77f0708623
2068825,Les Patterson Saves the World,,1,1987,0,P3625,0,0,0,,1564fdfe800ae3f716c9941fd3f08e41
2069272,Les saveurs du Palais,,1,2012,0,S1623,0,0,0,,4ea16b3fcf1ab40c5d61fe99648e6ff7
2071249,Lethal Weapon,,1,1987,0,L3415,0,0,0,,816bcfbfe88240fb52ff422b652d52cb
2071253,Lethal Weapon 4,,1,1998,0,L3415,0,0,0,,68e6c7b740655e2ae71c320b757862b7
2073984,Life of Pi,,1,2012,0,L1,0,0,0,,cd5d58cf7a865584830674f1df43d6c5
2077682,Little Nemo: Adventures in Slumberland,,1,1989,0,L3453,0,0,0,,1b7e0def9c239a4e2311b6f9841f4184
2080209,Lockout,,1,2012,0,L23,0,0,0,,a4ebdec5faeb80ca7fa5b3d90e100b87
2080209,Lockout,,1,2012,0,L23,0,0,0,,a4ebdec5faeb80ca7fa5b3d90e100b87
2080209,Lockout,,1,2012,0,L23,0,0,0,,a4ebdec5faeb80ca7fa5b3d90e100b87
2080209,Lockout,,1,2012,0,L23,0,0,0,,a4ebdec5faeb80ca7fa5b3d90e100b87
2080209,Lockout,,1,2012,0,L23,0,0,0,,a4ebdec5faeb80ca7fa5b3d90e100b87
2082322,Looper,,1,2012,0,L16,0,0,0,,13e2ca3b6c16c4643af54d55a0484237
2082322,Looper,,1,2012,0,L16,0,0,0,,13e2ca3b6c16c4643af54d55a0484237
2082322,Looper,,1,2012,0,L16,0,0,0,,13e2ca3b6c16c4643af54d55a0484237
2082322,Looper,,1,2012,0,L16,0,0,0,,13e2ca3b6c16c4643af54d55a0484237
2082322,Looper,,1,2012,0,L16,0,0,0,,13e2ca3b6c16c4643af54d55a0484237
2082322,Looper,,1,2012,0,L16,0,0,0,,13e2ca3b6c16c4643af54d55a0484237
2082322,Looper,,1,2012,0,L16,0,0,0,,13e2ca3b6c16c4643af54d55a0484237
2082322,Looper,,1,2012,0,L16,0,0,0,,13e2ca3b6c16c4643af54d55a0484237
2082322,Looper,,1,2012,0,L16,0,0,0,,13e2ca3b6c16c4643af54d55a0484237
2082322,Looper,,1,2012,0,L16,0,0,0,,13e2ca3b6c16c4643af54d55a0484237
2082699,Lore,,1,2012,0,L6,0,0,0,,1c2d186ec37d2ea14ae2386ccbab5017
2088217,Lovely Molly,,1,2011,0,L1454,0,0,0,,f6d41122489363d3fd83112a5a8c3461
2088731,Luan qing chun,,1,2008,0,L5252,0,0,0,,fbfa150270f07f450005a9a38b39005d
2091575,Låt den rätte komma in,,1,2008,0,L3563,0,0,0,,a9735e36549496f770ea18a2706b33e9
2091575,Låt den rätte komma in,,1,2008,0,L3563,0,0,0,,a9735e36549496f770ea18a2706b33e9
2092984,Machete Kills,,1,2013,0,M2324,0,0,0,,645a383b81af6e71857f2093d2fda14f
2098962,Mama is boos!,,1,1986,0,M5212,0,0,0,,fe86964d3983fbc821f0c37aed80f647
2099800,Man on Fire,,1,2004,0,M516,0,0,0,,124d547f7d5c108a71587ab3fe715327
2102742,Mare nero,,1,2006,0,M656,0,0,0,,08de13e00f7d4f55805b90a454c27fde
2102951,Margot at the Wedding,,1,2007,0,M6235,0,0,0,,630c635198205427c584598cffac9265
2103400,Marie Antoinette,,1,2006,0,M6535,0,0,0,,e097f92c86cb9b333b9751d9c5dd329b
2104941,Martial Law,,4,1990,0,M634,0,0,0,,a55d2fd67a99c87ec0f0385f24f7384a
2108311,Maximum Conviction,,1,2012,0,M2525,0,0,0,,2ca15c0435abb96e664c7af5b2be4ae5
2109679,Mean Creek,,1,2004,0,M5262,0,0,0,,63f2f5a9f2efd7dc93b2e93465538234
2109679,Mean Creek,,1,2004,0,M5262,0,0,0,,63f2f5a9f2efd7dc93b2e93465538234
2110757,Meet the Parents,,1,2000,0,M3165,0,0,0,,5959559c42e909ff9cf15929363dc732
2111089,Megi,,1,1989,0,M2,0,0,0,,dd96fcd12e1f4e596adee9d060eb592a
2114324,Mermaid Chronicles Part 1: She Creature,,3,2001,0,M6532,0,0,0,,5e1d9d806cb15da22b4c968c3b1566a4
2115409,Metropolis,,1,1927,0,M3614,0,0,0,,24ba58b406706ad8097312827df521f1
2129826,Morvern Callar,,1,2002,0,M6165,0,0,0,,59516bc12f1fa3184ba16756e9dd7514
2132756,Mr. Peabody & Sherman,,1,2014,0,M6132,0,0,0,,34a27d309d8107493255237f197f3c32
2135114,Muppets from Space,,1,1999,0,M1321,0,0,0,,95b3332ec6dcb8a9171a4575d180441a
2135631,Muriel's Wedding,,1,1994,0,M6423,0,0,0,,f740518446a679deb71f131221808cce
2137489,My Brilliant Career,,1,1979,0,M1645,0,0,0,,2b039d8f54a164c32a917c3363fc4d75
2138855,My Life Without Me,,1,2003,0,M4135,0,0,0,,25e4b1019638e9bad1e0f504c23935ae
2141729,Mördaren ljuger inte ensam,,1,2013,0,M6365,0,0,0,,c69b47196366e6d0ce7111b9d6a5c166
2142882,Nachtlärm,,1,2012,0,N2346,0,0,0,,284056e99287e065f5a3c8533f6a934a
2143971,Naked Lunch,,1,1991,0,N2345,0,0,0,,3b0096b3c992fc0dff87e0b202f522b5
2144544,Nana to Kaoru,,1,2011,0,N5326,0,0,0,,2fa04fcb2e8d416c6d022c4f04da7de7
2148315,Neco z Alenky,,1,1988,0,N2452,0,0,0,,1ad2b32741c0e8fd689f22a7c26d9897
2149444,Nemo,,1,1984,0,N5,0,0,0,,6f160a061656a859d2f3795baf0a560f
2151116,New Jack City,,1,1991,0,N23,0,0,0,,8a794ce59c05bc52711fb65e53687e18
2153926,Night School,,1,1981,0,N2324,0,0,0,,183558e11bcb9183e598cb6b3b4c660a
2156543,No Fear in Love,,4,2010,0,N1654,0,0,0,,3b03cbe6c84611c1ed687846d2724148
2165450,O Gebo e a Sombra,,1,2012,0,G1251,0,0,0,,79536d5c0761e0878a4b09cae16a2e60
2168588,Odd Thomas,,1,2013,0,O352,0,0,0,,ee52f311f05cb3f2f968d765f8e611f6
2170617,Oi do chun,,1,2009,0,D25,0,0,0,,a68373618cdcaba6877ac1faa28cdba8
2172155,Oliver & Company,,1,1988,0,O4162,0,0,0,,7fc51b9bd5c07c4bd576600c991a4be8
2172349,Olsen-bandens sidste stik,,1,1998,0,O4251,0,0,0,,9db465a4e92bebb8cb3abc4d74ffe752
2173203,On Golden Pond,,1,1981,0,O5243,0,0,0,,79662a6e5a8bc316eef15e1ee0f6fc0e
2180316,Orphan,,1,2009,0,O615,0,0,0,,0645259e2df84f51dbc06fc57dac869d
2183276,Out of Sight,,1,1998,0,O3123,0,0,0,,523ae1cab96c88f7ccfe5b5e1d548670
2190298,Paramount Pacemaker No. K9-1: Caribbean Capers,,1,1949,0,P6531,0,0,0,,961b445a6a796ff2c966106042cd3f0b
2190412,Paranoid Park,,1,2007,0,P6531,0,0,0,,68cbe3894df2c074f48ba69b9e7ee3ad
2191554,Paroxismus,,1,1969,0,P6252,0,0,0,,030dae8514c01ff1a4311d7ffd5e4a79
2195823,Pee-wee's Big Adventure,,1,1985,0,P2123,0,0,0,,408ef878ee1efbea40c4c9756a42ce4d
2195902,Peep World,,1,2010,0,P1643,0,0,0,,aa9e928a1ea82925e46388f8a4ddfec3
2197865,Perfect Creature,,1,2006,0,P6123,0,0,0,,633586fb90bd8500cbdae6da37e8cec2
2198693,Persepolis,,1,2007,0,P6214,0,0,0,,ef062a2e48645d1daa2ed50a9b2b79f2
2199691,Peter Pan,,1,2003,0,P3615,0,0,0,,2c1948efcc79674ed157806c21faf624
2203873,Pinocchio,,1,2012,0,P52,0,0,0,,f8990969bf8b2914ad9be26b74bc207e
2204194,Piranha 3DD,,1,2012,0,P653,0,0,0,,aff6e4d40affbd96f626161bff163f16
2204194,Piranha 3DD,,1,2012,0,P653,0,0,0,,aff6e4d40affbd96f626161bff163f16
2204194,Piranha 3DD,,1,2012,0,P653,0,0,0,,aff6e4d40affbd96f626161bff163f16
2205167,Place Vendôme,,1,1998,0,P4215,0,0,0,,2a381301aa0c4cfef4ae6c527fa37a9b
2205350,Plan 9 from Outer Space,,1,1959,0,P4516,0,0,0,,7ee15af5d79c5db362976d9e67f19df7
2207004,Pleasantville,,1,1998,0,P4253,0,0,0,,4b4b4c4d8a94fe662f890fa6dabdad4e
2209887,Poltergeist,,1,1982,0,P4362,0,0,0,,ce53b622694f2cee2024d1ba906e64cd
2212825,Possum Walk,,1,2010,0,P2542,0,0,0,,c424659e0bf108df6ecd2f1738afcd3a
2215818,Prendimi l'anima,,1,2002,0,P6535,0,0,0,,aa03ebae3de8e8a9055fb8090d18fcc6
2227551,Quellen des Lebens,,1,2013,0,Q4532,0,0,0,,d0b6e249a1a2034ed29fd8363d64afec
2231754,Ran,,1,1985,0,R5,0,0,0,,7e2b657dfa7501d178f51b01f787e5a9
2232578,Rare Exports,,1,2010,0,R6216,0,0,0,,e371175b8f584b3265c2d404b2d01157
2234542,Reality,II,1,2012,0,R43,0,0,0,,6fddd8361c8d9f4ce6e9f4cac31cec89
2235869,Red Dragon,,1,2002,0,R3625,0,0,0,,112da7865f71c133eb01aaaca0a17e93
2236111,Red Lights,,1,2012,0,R3423,0,0,0,,c271859a52d714ab828d6a26dd97adee
2236111,Red Lights,,1,2012,0,R3423,0,0,0,,c271859a52d714ab828d6a26dd97adee
2236111,Red Lights,,1,2012,0,R3423,0,0,0,,c271859a52d714ab828d6a26dd97adee
2236433,Red Tails,,1,2012,0,R342,0,0,0,,c90d2a0c257004374abe38e7be294782
2236433,Red Tails,,1,2012,0,R342,0,0,0,,c90d2a0c257004374abe38e7be294782
2236433,Red Tails,,1,2012,0,R342,0,0,0,,c90d2a0c257004374abe38e7be294782
2236433,Red Tails,,1,2012,0,R342,0,0,0,,c90d2a0c257004374abe38e7be294782
2237820,Reign Over Me,,1,2007,0,R2516,0,0,0,,a4f6774859e188889483ac40c8c234d8
2237926,Reipu zonbi: Lust of the dead 3,,1,2013,0,R1251,0,0,0,,3122e43d5b98b5a47371d95b3cf2cba6
2240258,Resident Evil: Retribution,,1,2012,0,R2353,0,0,0,,9fc090af0faec5d382fb0c69b878c6b1
2240258,Resident Evil: Retribution,,1,2012,0,R2353,0,0,0,,9fc090af0faec5d382fb0c69b878c6b1
2240258,Resident Evil: Retribution,,1,2012,0,R2353,0,0,0,,9fc090af0faec5d382fb0c69b878c6b1
2240258,Resident Evil: Retribution,,1,2012,0,R2353,0,0,0,,9fc090af0faec5d382fb0c69b878c6b1
2240258,Resident Evil: Retribution,,1,2012,0,R2353,0,0,0,,9fc090af0faec5d382fb0c69b878c6b1
2240258,Resident Evil: Retribution,,1,2012,0,R2353,0,0,0,,9fc090af0faec5d382fb0c69b878c6b1
2240258,Resident Evil: Retribution,,1,2012,0,R2353,0,0,0,,9fc090af0faec5d382fb0c69b878c6b1
2240258,Resident Evil: Retribution,,1,2012,0,R2353,0,0,0,,9fc090af0faec5d382fb0c69b878c6b1
2240258,Resident Evil: Retribution,,1,2012,0,R2353,0,0,0,,9fc090af0faec5d382fb0c69b878c6b1
2240258,Resident Evil: Retribution,,1,2012,0,R2353,0,0,0,,9fc090af0faec5d382fb0c69b878c6b1
2240258,Resident Evil: Retribution,,1,2012,0,R2353,0,0,0,,9fc090af0faec5d382fb0c69b878c6b1
2243589,Riders of Death Valley,,1,1941,0,R3621,0,0,0,,aa8058beb4f8ec432b1862fee796fb48
2247697,Rock of Ages,,1,2012,0,R212,0,0,0,,8b8df393ff73fe77fc875b74c05275bc
2247697,Rock of Ages,,1,2012,0,R212,0,0,0,,8b8df393ff73fe77fc875b74c05275bc
2247697,Rock of Ages,,1,2012,0,R212,0,0,0,,8b8df393ff73fe77fc875b74c05275bc
2247697,Rock of Ages,,1,2012,0,R212,0,0,0,,8b8df393ff73fe77fc875b74c05275bc
2247697,Rock of Ages,,1,2012,0,R212,0,0,0,,8b8df393ff73fe77fc875b74c05275bc
2250881,Roselyne et les lions,,1,1989,0,R2453,0,0,0,,8b43016d4da4b338fb431a40e11204e4
2251933,Roxanne,,1,1987,0,R25,0,0,0,,2011ceed75343f22f2484511fd21dba6
2252632,Ruby Sparks,,1,2012,0,R1216,0,0,0,,38590666a942e16e80bdd946df513eb9
2252924,Rugrats in Paris: The Movie - Rugrats II,,1,2000,0,R2632,0,0,0,,9b6afbc281809c64605eb74e5ed03469
2256319,Sabotage,,1,1936,0,S132,0,0,0,,522ce1a1b31b439c8a0e9d61b10ee614
2256340,Saboteur II,,6,1987,0,S136,0,0,0,,e91fe959535cd67fa581b304982ccb9c
2257040,Safe,I,1,2012,0,S1,0,0,0,,be88dace60cf1a92cd86e9fd823e8ee6
2257040,Safe,I,1,2012,0,S1,0,0,0,,be88dace60cf1a92cd86e9fd823e8ee6
2257040,Safe,I,1,2012,0,S1,0,0,0,,be88dace60cf1a92cd86e9fd823e8ee6
2257084,Safe House,,1,2012,0,S12,0,0,0,,14c1ac169f728fe28a5e9ea9cdee3269
2257084,Safe House,,1,2012,0,S12,0,0,0,,14c1ac169f728fe28a5e9ea9cdee3269
2257084,Safe House,,1,2012,0,S12,0,0,0,,14c1ac169f728fe28a5e9ea9cdee3269
2257084,Safe House,,1,2012,0,S12,0,0,0,,14c1ac169f728fe28a5e9ea9cdee3269
2257334,Saginaw Trail,,1,1953,0,S2536,0,0,0,,18cddf5c5e2fee96fec652343d9b0dc3
2259173,Salò o le 120 giornate di Sodoma,,1,1975,0,S4265,0,0,0,,8159ab5d48e89120ee5b9a3d4928dcec
2260022,Samurai,,1,1945,0,S56,0,0,0,,5a7e4f5a04f8faf106ae8a073774c9e1
2260277,San lau sing woo dip gim,,1,1993,0,S5425,0,0,0,,50da02f685ff6b46dc6ee141ee69f24b
2263785,Savage Grace,,1,2007,0,S1262,0,0,0,,835d5f3beca30c4f0b3b66112ac95083
2266779,Schutzengel,,1,2012,0,S2325,0,0,0,,646eb51443c6a0bf314edb0df05755c2
2269390,Searching for Sugar Man,,1,2012,0,S6252,0,0,0,,716ae0c87cb382d9cdcdfefa00dec210
2269390,Searching for Sugar Man,,1,2012,0,S6252,0,0,0,,716ae0c87cb382d9cdcdfefa00dec210
2275355,Seven Psychopaths,,1,2012,0,S1512,0,0,0,,60adb8ad56f3894ee1f3531b2e422aec
2275355,Seven Psychopaths,,1,2012,0,S1512,0,0,0,,60adb8ad56f3894ee1f3531b2e422aec
2275355,Seven Psychopaths,,1,2012,0,S1512,0,0,0,,60adb8ad56f3894ee1f3531b2e422aec
2275355,Seven Psychopaths,,1,2012,0,S1512,0,0,0,,60adb8ad56f3894ee1f3531b2e422aec
2275355,Seven Psychopaths,,1,2012,0,S1512,0,0,0,,60adb8ad56f3894ee1f3531b2e422aec
2281018,Sheena,,1,1984,0,S5,0,0,0,,ead96ed60338af2134bc062462a8d492
2281651,Sherlock Holmes in Washington,,1,1943,0,S6424,0,0,0,,391e7e0020b33a42a25ea4f304ab7ed8
2281850,Shi gan,,1,2006,0,S25,0,0,0,,abaffdca214c969c32344fc838f91e13
2284733,Show Girl in Hollywood,,1,1930,0,S2645,0,0,0,,a6aff38f5b2d29f28d91679ffef67066
2292728,Skyfall,,1,2012,0,S214,0,0,0,,4fc02335663872e0f5929b76daf45368
2292728,Skyfall,,1,2012,0,S214,0,0,0,,4fc02335663872e0f5929b76daf45368
2292728,Skyfall,,1,2012,0,S214,0,0,0,,4fc02335663872e0f5929b76daf45368
2292728,Skyfall,,1,2012,0,S214,0,0,0,,4fc02335663872e0f5929b76daf45368
2292728,Skyfall,,1,2012,0,S214,0,0,0,,4fc02335663872e0f5929b76daf45368
2292728,Skyfall,,1,2012,0,S214,0,0,0,,4fc02335663872e0f5929b76daf45368
2295082,Smashed,,1,2012,0,S523,0,0,0,,ddfeb46171f3ddea77e0decce8f97e9c
2307006,Spoilers of the Range,,1,1939,0,S1462,0,0,0,,30be6c60f3bb61bf74face7b51600323
2310458,Star Trek: Insurrection,,1,1998,0,S3636,0,0,0,,2e5d76c4e9ff4dc7d8887de2ebfc9dac
2311164,Starship Troopers: Invasion,,1,2012,0,S3621,0,0,0,,b5d402867560b227a3989b44d9856c23
2313992,Stolen,,1,2012,0,S345,0,0,0,,1b34241e906081a3187605947062cca2
2313992,Stolen,,1,2012,0,S345,0,0,0,,1b34241e906081a3187605947062cca2
2314533,Storage 24,,1,2012,0,S362,0,0,0,,032eda860ca67633e2097c370f736378
2315708,Stranger Than Fiction,,1,2006,0,S3652,0,0,0,,8aadd24e521a9d624f2acfd73c3c5e8c
2321666,Sunshine,,1,1999,0,S525,0,0,0,,17e510d1e0ff802dc5510c65d3bdffeb
2322486,Super Trivia Master,,6,1986,0,S1636,0,0,0,,3de77d81f7e8bf35d1308cda6f21c3d5
2322807,Superman Returns,,1,2006,0,S1656,0,0,0,,d687c1cc163f1b21a959165068ea9b66
2323264,Sur la piste du Marsupilami,,1,2012,0,S6412,0,0,0,,9a39ea3e327c7d203f1aab9953e536e1
2324224,Sushi Girl,,1,2012,0,S264,0,0,0,,14b991a3101b233694ef84642703f5ed
2324802,Svartur á leik,,1,2012,0,S1636,0,0,0,,85ca345a6af0958c8e22fefed71259b7
2324802,Svartur á leik,,1,2012,0,S1636,0,0,0,,85ca345a6af0958c8e22fefed71259b7
2324802,Svartur á leik,,1,2012,0,S1636,0,0,0,,85ca345a6af0958c8e22fefed71259b7
2326407,Sweetie,,1,1989,0,S3,0,0,0,,06f20f6088f94ebcb605d9ebeec6f367
2328057,Säilöttyjä unelmia,,1,2012,0,S4325,0,0,0,,b35d58a04594ef9667670cb8b613ce35
2328105,Så vit som en snö,,1,2001,0,S1325,0,0,0,,025f65d4d0ff614ebfe2799f4e150373
2333441,Tarendol,,3,1980,0,T6534,0,0,0,,12b9edc08dc843a88bb554fa59f86bfa
2334970,Te wu mi cheng,,1,2001,0,T5252,0,0,0,,33451d08cadd90eb5b8b7d4db225f8d2
2335632,Ted,,1,2012,0,T3,0,0,0,,a4ca81d7ce862daa8aa94a504857a062
2335632,Ted,,1,2012,0,T3,0,0,0,,a4ca81d7ce862daa8aa94a504857a062
2341253,That's My Boy,,1,2012,0,T3251,0,0,0,,991df05ac54a5ec00da32ec339bb3ef6
2341253,That's My Boy,,1,2012,0,T3251,0,0,0,,991df05ac54a5ec00da32ec339bb3ef6
2341253,That's My Boy,,1,2012,0,T3251,0,0,0,,991df05ac54a5ec00da32ec339bb3ef6
2342859,The A-Team,,1,2010,0,A35,0,0,0,,def1a83a01f3583c8e465fc933e6c01d
2343119,The Ace of Hearts,,1,1921,0,A2163,0,0,0,,dfe3e004c34b570574a16bac23a55c09
2347914,The Bay,II,1,2012,0,B,0,0,0,,84612b9fc018a9e35c2eebda72a5f25f
2351090,The Blues Brothers,,1,1980,0,B4216,0,0,0,,45bd1616342e73160426c9dfe16f9cc7
2351607,The Boondock Saints II: All Saints Day,,1,2009,0,B5325,0,0,0,,bbeb64f4e7ab5ee3b3c9ae842ca2747d
2351864,The Bourne Legacy,,1,2012,0,B6542,0,0,0,,a8bb6e4d70cc205c34f2dded8ac5f23e
2351864,The Bourne Legacy,,1,2012,0,B6542,0,0,0,,a8bb6e4d70cc205c34f2dded8ac5f23e
2351864,The Bourne Legacy,,1,2012,0,B6542,0,0,0,,a8bb6e4d70cc205c34f2dded8ac5f23e
2351864,The Bourne Legacy,,1,2012,0,B6542,0,0,0,,a8bb6e4d70cc205c34f2dded8ac5f23e
2351864,The Bourne Legacy,,1,2012,0,B6542,0,0,0,,a8bb6e4d70cc205c34f2dded8ac5f23e
2351864,The Bourne Legacy,,1,2012,0,B6542,0,0,0,,a8bb6e4d70cc205c34f2dded8ac5f23e
2351864,The Bourne Legacy,,1,2012,0,B6542,0,0,0,,a8bb6e4d70cc205c34f2dded8ac5f23e
2351864,The Bourne Legacy,,1,2012,0,B6542,0,0,0,,a8bb6e4d70cc205c34f2dded8ac5f23e
2351864,The Bourne Legacy,,1,2012,0,B6542,0,0,0,,a8bb6e4d70cc205c34f2dded8ac5f23e
2353842,The Butterfly Effect,,1,2004,0,B3614,0,0,0,,c2f68971fd4e800a22e89198bc1e9683
2354300,The Campaign,,1,2012,0,C5125,0,0,0,,bc1838865c690dd0bd5c6493dddeebc3
2355294,The Central Park Five,,1,2012,0,C5364,0,0,0,,d2df4154573d23101b64af9c5751518d
2355590,The Charmkins,,3,1983,0,C6525,0,0,0,,d12a6f0da35b7724b34a989b8c807cc0
2356316,"""The Chronicles of Narnia: The Lion", the ,0,1,2005,,0,0,0,,
2359463,The Croods,,1,2013,0,C632,0,0,0,,d339f6f3082017380a32c0122156c641
2359463,The Croods,,1,2013,0,C632,0,0,0,,d339f6f3082017380a32c0122156c641
2359940,The Curious Case of Benjamin Button,,1,2008,0,C6215,0,0,0,,c6bb07f5848c90a0c79d14555c7834eb
2362025,The Descent,,1,2005,0,D253,0,0,0,,b1e0b08e18cff2ff917b0ec6e925562a
2362330,The Devil Inside,,1,2012,0,D1452,0,0,0,,37a582db600f5e757e6254e9ea05e8d0
2364410,The Ducktators,,1,1942,0,D2362,0,0,0,,cceeb75b604bef245d3c49ea2e28874a
2364837,The Edge,,1,1997,0,E32,0,0,0,,a78d2fddc6e8ecc1bc86a1a0b4095206
2364960,The Egg and I,,1,1947,0,E253,0,0,0,,429b5df5a527c03d53237cfb141b0fbf
2365986,The Erotic Witch Project,,4,2000,0,E6323,0,0,0,,97d3611dbd1566b9f818c94a7a7f19c8
2366568,The Expendables 2,,1,2012,0,E2153,0,0,0,,0fdea429eb6c1d76f6a171ef5b31c4c5
2366568,The Expendables 2,,1,2012,0,E2153,0,0,0,,0fdea429eb6c1d76f6a171ef5b31c4c5
2373865,The Good Mother,,1,1988,0,G3536,0,0,0,,800df3d6a42ff08c03c46ad22709a7bb
2375303,The Green Hornet,,1,2011,0,G6565,0,0,0,,5ef98c86ea87e9ee3dcb1645fd55db3f
2376212,The Hanging Garden,,1,1997,0,H5252,0,0,0,,c24e9116044c65e0ca60b03fdd8a8e27
2379293,The Hunger Games,,1,2012,0,H5262,0,0,0,,a179698e60be53bd556cf6875618b482
2381283,The Itch of the Golden Nit,,1,2011,0,I3213,0,0,0,,151eac1c3c1ed6a6d8d28adefe85983a
2381922,The Journey of August King,,1,1995,0,J6512,0,0,0,,d327f3f73f44c1d9c71098fc049e385a
2382416,The Kettles in the Ozarks,,1,1956,0,K3425,0,0,0,,6335b62d52d23ea888ce29e380f031bc
2382585,The Kid Stays in the Picture,,1,2002,0,K3232,0,0,0,,176a03020c16f6e38caedbec2012af04
2383183,The Kiss,I,1,2008,0,K2,0,0,0,,f991059f1a667419a4f6d4e2a99b860f
2383237,The Kitchen,,1,2012,0,K325,0,0,0,,f285703748f4ca776d809ba5bda1b2d2
2383768,The Land Before Time V: The Mysterious Island,,4,1997,0,L5316,0,0,0,,9e86d580b0a6115c656ae5af8ae62625
2383781,The Land Girls,,1,1998,0,L5326,0,0,0,,aa7aa695fa268bb98694a3c57f78da19
2384014,The Last American Virgin,,1,1982,0,L2356,0,0,0,,9fbf274740140db22980e4d50a5f7cb2
2385023,The Last Samurai,,1,2003,0,L2325,0,0,0,,73ce2ee25e48e10860f2a9962501c6f1
2386446,The Life and Death of Colonel Blimp,,1,1943,0,L1531,0,0,0,,6f23d3c0469d3483d5d60d0c0261646b
2386453,The Life and Death of Peter Sellers,,1,2004,0,L1531,0,0,0,,284e025d12ed49654d2b00a8c7f60b32
2387511,The Little Shop of Horrors,,1,1960,0,L3421,0,0,0,,cff048648a966c714975dec42bb38993
2388395,The Lorax,,1,2012,0,L62,0,0,0,,e872f5b4acb8198c32f40f156d1ec1ee
2389353,The Lucky One,,1,2012,0,L25,0,0,0,,97afb02f9af901c74710fe205be444c8
2389848,The Magic of David Copperfield VII: Familares,,3,1985,0,M2131,0,0,0,,9a5995fd25f945096d095512c6d9fde2
2397594,The Night of the Iguana,,1,1964,0,N2313,0,0,0,,c169773d84547bfcbc8c7eac3a682773
2400378,The Paperboy,,1,2012,0,P161,0,0,0,,c303ee511df8f878af076149f79af64e
2400852,The Patience Stone,,1,2012,0,P3523,0,0,0,,a537fb86d60c10ce19be90a2af689494
2402389,The Pirates! In an Adventure with Scientists!,,1,2012,0,P6325,0,0,0,,243191440af1fc1dfbf0deb995dee571
2403238,The Possession,I,1,2012,0,P25,0,0,0,,2f124ce490b4ea6d6b61ab562f35ff85
2406097,The Raven,I,1,2012,0,R15,0,0,0,,112c0b6ee30b2823146ec59df8880780
2406097,The Raven,I,1,2012,0,R15,0,0,0,,112c0b6ee30b2823146ec59df8880780
2406097,The Raven,I,1,2012,0,R15,0,0,0,,112c0b6ee30b2823146ec59df8880780
2406097,The Raven,I,1,2012,0,R15,0,0,0,,112c0b6ee30b2823146ec59df8880780
2406097,The Raven,I,1,2012,0,R15,0,0,0,,112c0b6ee30b2823146ec59df8880780
2407501,The Return of Captain Invincible,,1,1983,0,R3651,0,0,0,,d4239460745a8ce562acc0448de3feac
2407612,The Return of the Beverly Hillbillies,,3,1981,0,R3651,0,0,0,,dc750b33e262d1a8b13a8f7287b9555d
2409384,The Royal Tenenbaums,,1,2001,0,R4351,0,0,0,,171df31777aa1d972f917b81e0216784
2413074,The Silence of the Lambs,,1,1991,0,S4521,0,0,0,,136d93d79fc9e21c30b9e6b662fb6e6b
2413266,The Silver Chalice,,1,1954,0,S4162,0,0,0,,d4660cdc65cc2ef622b549f5fd83a9a8
2415327,The Spiderwick Chronicles,,1,2008,0,S1362,0,0,0,,5cd73d310021b6fa478fed685c112199
2419110,The Terminator,,1,1984,0,T6536,0,0,0,,43d3ae9f81f400b49e4d05313d35b9e4
2419694,The Thompsons,,1,2012,0,T5125,0,0,0,,df8a1e6b4c644008e6108e8d16c2480d
2420597,The Tourist,,1,2010,0,T623,0,0,0,,9225ff04be5c0a8d50b6ca1b71ddd536
2425479,The Watch,I,1,2012,0,W32,0,0,0,,5b26a74983db51d20a01aae4abe97048
2425479,The Watch,I,1,2012,0,W32,0,0,0,,5b26a74983db51d20a01aae4abe97048
2429012,The Yards,,1,2000,0,Y632,0,0,0,,e97035b7dfc2f7bf9f2d3348ccb1ed66
2431289,Think Like a Man,,1,2012,0,T5242,0,0,0,,55cee09d1b8717403461bc3d8b8f4c9a
2432273,This Means War,,1,2012,0,T2526,0,0,0,,480c476d9136f62ed8c49252f019eb46
2432273,This Means War,,1,2012,0,T2526,0,0,0,,480c476d9136f62ed8c49252f019eb46
2432273,This Means War,,1,2012,0,T2526,0,0,0,,480c476d9136f62ed8c49252f019eb46
2434596,Thumbsucker,,1,2005,0,T5126,0,0,0,,5a9938bc8f0f6dec566846343e710e17
2442094,Tonari no Totoro,,1,1988,0,T5653,0,0,0,,bf9ba155a5c1c5e7f536e219eaf528fb
2442859,Too Young to Die?,,3,1990,0,T523,0,0,0,,b28f3f556ae6e316dde6772b5d92769a
2443551,Torch Singer,,1,1933,0,T6252,0,0,0,,bd7f82dc177624efb7d414bde17375fc
2447357,Transit,I,1,2012,0,T6523,0,0,0,,16390af2301d4969b8262524dc3474b2
2450594,Tristan + Isolde,,1,2006,0,T6235,0,0,0,,662350e760adc86748e5a2314c6d20d2
2460693,Un bonheur n'arrive jamais seul,,1,2012,0,B5656,0,0,0,,5200131bf47de590ee810b4447e29eab
2461807,Un long dimanche de fiançailles,,1,2004,0,L5235,0,0,0,,8965c6af7bc3efaa9492b631bca5c7b0
2461807,Un long dimanche de fiançailles,,1,2004,0,L5235,0,0,0,,8965c6af7bc3efaa9492b631bca5c7b0
2465232,Underdog,,1,2007,0,U5363,0,0,0,,f24330a06b2faabd4ea561030446b9cf
2467167,Universal Soldier: Day of Reckoning,,1,2012,0,U5162,0,0,0,,79927b5a5ee381259b20535df44dc30a
2469355,Up,,1,2009,0,U1,0,0,0,,faf5a578378e952fdd29d37dccc0b13f
2476598,Vers le sud,,1,2005,0,V6242,0,0,0,,35f7c4c6984a9879e2edfde75b58147b
2489175,Watchmen,,1,2009,0,W325,0,0,0,,28618fa91314abe00a11058bca944ca8
2489445,Watercolors,,1,2008,0,W3624,0,0,0,,d679964410aa17fb96aefc0562ddb578
2489870,Wayne's World,,1,1992,0,W5264,0,0,0,,aac4645f27d2a1cd45a3a7bd48eea909
2492225,Welltris,,6,1989,0,W4362,0,0,0,,c5edcbadccb76031c2278b4fb66daf4c
2492766,Werner Herzog Eats His Shoe,,1,1980,0,W6562,0,0,0,,c8bb19b80249fa5a6326bad10db9a947
2500846,Wild Fang,,6,1989,0,W4315,0,0,0,,9b315799eea2f641e916acf85e434124
2502056,Win a Date with Tad Hamilton!,,1,2004,0,W5354,0,0,0,,72eb12ec7cca80e97963f639fab1bc95
2504000,Without a Paddle,,1,2004,0,W3134,0,0,0,,dca288cee507ccab17a2fdce6adc478a
2505663,Wonderland,,1,2003,0,W5364,0,0,0,,01491175160fed89e8495d204bcc5544
2505811,Woodland Café,,1,1937,0,W3453,0,0,0,,0cde0f3c5dcdf2cfd75353e19317da72
2507464,Wrong,I,1,2012,0,W652,0,0,0,,6c210a9539b2755c7656fb742485a013
2512455,Yi jiu si er,,1,2012,0,Y26,0,0,0,,aef4c13884b653db2fcac4d6d5003d5c
2514272,You Will Meet a Tall Dark Stranger,,1,2010,0,Y4534,0,0,0,,d5edcbb208980355ec259a8d798c6801
2516316,Yumechiyo nikki,,1,1985,0,Y5252,0,0,0,,92d9454cdd0be2a338344b427eed4b75
2517488,Zambezia,,1,2012,0,Z512,0,0,0,,f0cbc6e9c88d332b753229f511468ae8
2518791,Zero Dark Thirty,,1,2012,0,Z6362,0,0,0,,dd7c381a5c5cffa91f5261df5601cad4
2519055,Zhan. gu,,1,2007,0,Z52,0,0,0,,1a01e83b8d9cd0a078397aead57e3e4c
2520664,Zombibi,,1,2012,0,Z51,0,0,0,,443672a90c913344e49fd53b3e2a3a39
46835,Ai shôjo Porianna monogatari,,2,1986,0,A2165,0,0,0,1986-????,59dee6534b0504ffdc5c1e82e44409cd
219290,Center Court,,2,2003,0,C5362,0,0,0,2003-????,0ded356081b495de2ca3886e7d9abc02
278586,Count Duckula,,2,1988,0,C5324,0,0,0,1988-1993,1daff179c912b17463b88508deab088b
317770,(#1.10163),,7,2005,0,,317585,1,10163,,84e5e1a3aa88a069e820bac62c04faaf
336452,Dempsey and Makepeace,,2,1985,0,D5125,0,0,0,1985-1986,c9d0d99cf70fa5d8cfd7555c98bde349
425439,Elite TV,,2,2009,0,E431,0,0,0,2009-????,76f966e4592ee3c5d8ef4381d254c761
631909,Maria Cafra,,7,2011,0,M6216,631880,0,0,,a479b06e99c83489c91bc7f271e40e9b
890833,Mozart und Meisel,,2,1987,0,M2635,0,0,0,1987-????,4dbc720dfdff40e2ac537b31ecd51ade
891759,Mr. Merlin,,2,1981,0,M6564,0,0,0,1981-1982,a39fc9f6888f04d3890535154a0b95b4
1028842,(#1.5),,7,1975,0,,1028830,1,5,,34e84f96319d535277b4ce583f679cd9
1127117,Scarecrow and Mrs. King,,2,1983,0,S2626,0,0,0,1983-1987,d2d18cddef5102ba46ceefa65ed1df95
1178498,Sonny Soufflé chok show,,2,1986,0,S5214,0,0,0,1986-1987,25f50da867b8794df1a867bc2d2387ca
1195541,High Lonesome,,7,1960,0,H2452,1195531,1,1,,f847fc5ff6051f157cdd33871511589f
1206701,Project Dawn #7,,7,2011,0,P6235,1206673,2,7,,edd3b3d6bdd68d41814b62bde27eadb4
1368879,The Mary Whitehouse Experience,,2,1990,0,M6321,0,0,0,1990-1992,61733f9329e63100e8e729b53bc587a2
1370338,The Men Who Killed Kennedy,,2,1988,0,M5243,0,0,0,1988-????,254dab6cf29da25a0e2ac855e3158737
1436597,The Tudors,,2,2007,0,T362,0,0,0,2007-2010,e51dab0bd7aac261a89ee472b5119bb5
1452490,Roland,,7,1994,0,R453,1452361,1,22,,1b60c144443b6bc89b41cafad01d1127
1633917,...4 ...3 ...2 ...1 ...morte,,1,1967,0,M63,0,0,0,,1dae80fb2e53c55d6dd8b8fbc3a84ef0
1634882,"""10",000 B,0,1,2008,,0,0,0,,
1636318,16-Love,,1,2012,0,L1,0,0,0,,e58a089a7b8efc3d585d691c53c0816e
1636318,16-Love,,1,2012,0,L1,0,0,0,,e58a089a7b8efc3d585d691c53c0816e
1639199,21 Jump Street,,1,2012,0,J5123,0,0,0,,1a5fc823df201f370c529e241f461ff1
1639199,21 Jump Street,,1,2012,0,J5123,0,0,0,,1a5fc823df201f370c529e241f461ff1
1639199,21 Jump Street,,1,2012,0,J5123,0,0,0,,1a5fc823df201f370c529e241f461ff1
1639199,21 Jump Street,,1,2012,0,J5123,0,0,0,,1a5fc823df201f370c529e241f461ff1
1639199,21 Jump Street,,1,2012,0,J5123,0,0,0,,1a5fc823df201f370c529e241f461ff1
1642446,6 Bullets,,1,2012,0,B432,0,0,0,,a6c5bd3b569b19198a9a02ad7a7078cd
1645038,A Bucket of Blood,,1,1959,0,B2314,0,0,0,,6f625184d78c9c7226e1b5a09be7e4be
1648701,A Fine Mess,,1,1986,0,F52,0,0,0,,0cb644d15746b27668ac3753662e9248
1649458,A Gift from Heaven,,1,2012,0,G1316,0,0,0,,8291d5a16be2d0afb3587639aa6f4b80
1649726,A Good Day to Die Hard,,1,2013,0,G363,0,0,0,,af35100038de31936a187f32f7fa4d5f
1651081,A King in New York,,1,1957,0,K5256,0,0,0,,332e85408f99e581db4a5f502f606e02
1654628,A Passage to India,,1,1984,0,P2353,0,0,0,,c662d7dad6f8cf84ec7383a821514eb9
1654793,A Perfect Murder,,1,1998,0,P6123,0,0,0,,ba4b3a025da9239b9ff89d5ecb3746ef
1657793,A Star Is Born,,1,1937,0,S3621,0,0,0,,a160bcc46c8dc9becf2610a42b09844c
1663288,Abraham Lincoln: Vampire Hunter,,1,2012,0,A1654,0,0,0,,3d624f81320258ba79ee2ca53b8e869f
1663288,Abraham Lincoln: Vampire Hunter,,1,2012,0,A1654,0,0,0,,3d624f81320258ba79ee2ca53b8e869f
1663288,Abraham Lincoln: Vampire Hunter,,1,2012,0,A1654,0,0,0,,3d624f81320258ba79ee2ca53b8e869f
1663288,Abraham Lincoln: Vampire Hunter,,1,2012,0,A1654,0,0,0,,3d624f81320258ba79ee2ca53b8e869f
1663288,Abraham Lincoln: Vampire Hunter,,1,2012,0,A1654,0,0,0,,3d624f81320258ba79ee2ca53b8e869f
1668890,Agata e la tempesta,,1,2004,0,A2343,0,0,0,,3c79af2a75d73d5047beed822a65b00e
1670082,Ai no borei,,1,1978,0,A516,0,0,0,,08d47f501e11504c6a70d35ae6dddca6
1670633,Air Bud: Golden Receiver,,1,1998,0,A6132,0,0,0,,65d55aaad951fda7449471aa899ff621
1673153,Albert Nobbs,,1,2011,0,A4163,0,0,0,,fc3c20b565bae195a7c4571acd1b336f
1673459,Aleksandr Nevskiy,,1,1938,0,A4253,0,0,0,,91968be19495d516ab79a3aa17126943
1673578,Alex Cross,,1,2012,0,A4262,0,0,0,,c3fad9458c0a5ca67473f21ec4f872f5
1673578,Alex Cross,,1,2012,0,A4262,0,0,0,,c3fad9458c0a5ca67473f21ec4f872f5
1673578,Alex Cross,,1,2012,0,A4262,0,0,0,,c3fad9458c0a5ca67473f21ec4f872f5
1673578,Alex Cross,,1,2012,0,A4262,0,0,0,,c3fad9458c0a5ca67473f21ec4f872f5
1673578,Alex Cross,,1,2012,0,A4262,0,0,0,,c3fad9458c0a5ca67473f21ec4f872f5
1674185,Alias John Law,,1,1935,0,A4254,0,0,0,,5720aacfee8906bb22ec726fb8a8d49a
1676890,Alleen maar nette mensen,,1,2012,0,A4565,0,0,0,,259bb27a9011831c12ba193ac756b77f
1677948,Alone in the Dark,,1,2005,0,A4536,0,0,0,,f32f146e68e34be92c442eafda7eefb1
1680780,American Beauty,,1,1999,0,A5625,0,0,0,,820d5ebb54954d4110505c5edab6fa7f
1680908,American Courtesans,,1,2013,0,A5625,0,0,0,,0e3d18c0b96f40b1c9cb51f03bc28e9e
1681388,American Psycho,,1,2000,0,A5625,0,0,0,,da8e03444a28598d66c15d0f2af0112f
1682619,Amores perros,,1,2000,0,A5621,0,0,0,,b6f9e28c1c7aef9342a3f686b72ef595
1688754,Animal Farm,,1,2014,0,A5416,0,0,0,,4a29b14764fa8b30f65c96a445996d77
1688754,Animal Farm,,1,2014,0,A5416,0,0,0,,4a29b14764fa8b30f65c96a445996d77
1689744,Anne Devlin,,1,1984,0,A5314,0,0,0,,5e2135a25c496c087c7ab91149620479
1694576,Argo,,1,2012,0,A62,0,0,0,,f816722abc4ee13423ab42cb30927340
1694576,Argo,,1,2012,0,A62,0,0,0,,f816722abc4ee13423ab42cb30927340
1694576,Argo,,1,2012,0,A62,0,0,0,,f816722abc4ee13423ab42cb30927340
1694576,Argo,,1,2012,0,A62,0,0,0,,f816722abc4ee13423ab42cb30927340
1694576,Argo,,1,2012,0,A62,0,0,0,,f816722abc4ee13423ab42cb30927340
1695047,Armageddon,,1,1998,0,A6523,0,0,0,,2edc3db1bba64bb98bc23ea8bec7c7e9
1700054,Astérix et Obélix: Au service de Sa Majesté,,1,2012,0,A2362,0,0,0,,86b4d5266dcac4d81cfe0dd431f78af3
1701220,Atlas Shrugged II: The Strike,,1,2012,0,A3426,0,0,0,,8941cf2a5ae2e3e47abea8134b07dbd6
1707363,Baby: Secret of the Lost Legend,,1,1985,0,B1263,0,0,0,,9ff2bd8613af9921feca715f82fddee0
1707615,Bachelor Party 2: The Last Temptation,,4,2008,0,B2461,0,0,0,,2941c41ce1e3427d052d8a04aa785b13
1707735,Back Door to Hell,,1,1964,0,B2363,0,0,0,,68aad070437dc41cd7bbfebc6b7ead67
1708587,Bad Ass,,1,2012,0,B32,0,0,0,,16692b31fb8f7a8535345d3fbe619e9f
1708614,Bad Bascomb,,1,1946,0,B3125,0,0,0,,305bf1e046c7f0b91a52d96a69e1df48
1708700,Bad Boys II,,1,2003,0,B312,0,0,0,,7113a839139b2b65fd0d44a403fc2b1f
1709102,Bad Santa,,1,2003,0,B3253,0,0,0,,a9fb03b6d276be48bb588e11f40f4624
1710126,Baise-moi,,1,2000,0,B25,0,0,0,,af59f46079ce552a3f879c6f32ba208b
1710155,Bait,III,1,2012,0,B3,0,0,0,,199e079567b7c499d361b5f596d602f5
1710155,Bait,III,1,2012,0,B3,0,0,0,,199e079567b7c499d361b5f596d602f5
1713003,Barb Wire,,1,1996,0,B616,0,0,0,,70d71bf9c79414dbcb2c4cad716a88c2
1716058,Battleship,,1,2012,0,B3421,0,0,0,,732c3c98e8edf0b25fd8d2e4f478e4a1
1716058,Battleship,,1,2012,0,B3421,0,0,0,,732c3c98e8edf0b25fd8d2e4f478e4a1
1716058,Battleship,,1,2012,0,B3421,0,0,0,,732c3c98e8edf0b25fd8d2e4f478e4a1
1716058,Battleship,,1,2012,0,B3421,0,0,0,,732c3c98e8edf0b25fd8d2e4f478e4a1
1717248,Beasts of the Southern Wild,,1,2012,0,B2321,0,0,0,,545a66a06fcd83334e568608cc2d232b
1717654,Beautiful Creatures,,1,2013,0,B3142,0,0,0,,4732b954f7a05a7f1faa3ef41f29bb53
1718318,Becoming Jane,,1,2007,0,B2525,0,0,0,,aed600659a9193c8c5f40451b9959dfa
1723917,Betty Boop's Big Boss,,1,1933,0,B3121,0,0,0,,1ab84fdf404c2633fcec7752629b6a62
1724552,Beyoglu pilicleri,,1,1963,0,B2414,0,0,0,,a573886de057295178251d74451c1c6a
1725110,Beyond the Trophy,,1,2012,0,B5361,0,0,0,,53aeaac1e7aa330c8f28576b2425a48b
1727602,Big Miracle,,1,2012,0,B2562,0,0,0,,8305d3f1138927be9171a0f96819a3b6
1728122,Big Trouble,,1,2002,0,B2361,0,0,0,,4c6112bf4ac0b87f5cd0f2a93b2e9f80
1731926,Black Christmas,,1,1974,0,B4262,0,0,0,,ae6e03a15ce8c3a9a77fbe94b096eeef
1736141,BloodRayne,,1,2005,0,B4365,0,0,0,,41a3529372977903075c5b3427f8ec34
1737936,Bob Hope Buys NBC?,,3,1985,0,B1251,0,0,0,,2e7a7de950d4aa010d15995bde18ec61
1738155,Bobby,,1,2006,0,B1,0,0,0,,1b4f6b4d7e036634d71c67b577ad5f9c
1743046,Boy A,,1,2007,0,B,0,0,0,,90c1e1f49bd80b506fbc4c80d305e3d5
1743959,Branded,,1,2012,0,B653,0,0,0,,f42106dd13e7dfdfb5198c6fb70395c3
1744285,BraveStarr: The Legend,,1,1988,0,B6123,0,0,0,,fd816cd9e76ba3d9bd75fad3ef2c9554
1746865,Broadway Serenade,,1,1939,0,B6326,0,0,0,,cc078d0c0dfa1a583619dc78fd2b8fb0
1749793,Bugs Bunny's 3rd Movie: 1001 Rabbit Tales,,1,1982,0,B2152,0,0,0,,25562972beebd6401d14f3c12e233bdb
1752280,Busters verden,,1,1984,0,B2362,0,0,0,,794dcada3b7e894a821be9256a4ee9bf
1754386,C+ jing taam,,1,2007,0,C2523,0,0,0,,c548f2f9b569f9d8d1db7beda458f118
1758883,Cape Fear,,1,1991,0,C16,0,0,0,,ab290de548362482ca24e03b1268ed31
1759287,Captain EO Promo & Pre-show,,1,1986,0,C1351,0,0,0,,2f90ad2d41ba1872be8a8ad05b62156c
1759341,Captain Johnno,,3,1988,0,C1352,0,0,0,,666ffebd420ff5e973c6ec348940d2a4
1760063,Career Girls,,1,1997,0,C6264,0,0,0,,ebaffc7ad711d7f654063f1fb22403b7
1760726,Carnage,,1,2011,0,C652,0,0,0,,8ac13fc596297f14e9c070c8734af08e
1767982,Charlie and the Chocolate Factory,,1,2005,0,C6453,0,0,0,,f1b99413182dba406793b164e8dbfbe2
1768258,Charlotte's Web,,1,2006,0,C6432,0,0,0,,081a94e3ae8628ff6359b17d7b098521
1779011,Clerks II,,1,2006,0,C462,0,0,0,,19665eccf07221a7ffe98b59b60dd0b3
1779018,Clerks.,,1,1994,0,C462,0,0,0,,a41e2b1eefa0e6240cfe4088e1dc72b4
1779815,Cloud Atlas,,1,2012,0,C4342,0,0,0,,891b66c9b19c11bcfce09a4febdb36ef
1779815,Cloud Atlas,,1,2012,0,C4342,0,0,0,,891b66c9b19c11bcfce09a4febdb36ef
1779815,Cloud Atlas,,1,2012,0,C4342,0,0,0,,891b66c9b19c11bcfce09a4febdb36ef
1781077,Cocoon: The Return,,1,1988,0,C2536,0,0,0,,372b80be38e476a127209f9e3cbeb807
1784427,Comme une image,,1,2004,0,C52,0,0,0,,b89591917702f1fffc2a3fb2541872c4
1787283,Contact,,1,1997,0,C5323,0,0,0,,4cc61f557e3a672b6dfefa03cafdd01c
1787637,Contracorriente,,1,2009,0,C5362,0,0,0,,6da58e9707192afcb85f9591053505be
1789757,Cosmopolis,,1,2012,0,C2514,0,0,0,,6b0539ba15a9f40494fa6383358c2e13
1789757,Cosmopolis,,1,2012,0,C2514,0,0,0,,6b0539ba15a9f40494fa6383358c2e13
1792757,Creepshow 2,,1,1987,0,C612,0,0,0,,a81f7b731a01ac862621e382de58f720
1799651,Daddy and Them,,1,2001,0,D3535,0,0,0,,198cc887f32d33f9f3f5a8fd935d6f54
1804322,Dark Water,,1,2005,0,D6236,0,0,0,,a94236822ed9e752a55d33b16ecd79aa
1809881,De memoires van Sarah Bernhardt,,3,1981,0,M5621,0,0,0,,cfa3b108fdc67b485bf8d4ecd8e07434
1810263,De rouille et d'os,,1,2012,0,R432,0,0,0,,a3dda9c42511e4bd353e3e1eeef1823b
1810263,De rouille et d'os,,1,2012,0,R432,0,0,0,,a3dda9c42511e4bd353e3e1eeef1823b
1810263,De rouille et d'os,,1,2012,0,R432,0,0,0,,a3dda9c42511e4bd353e3e1eeef1823b
1810263,De rouille et d'os,,1,2012,0,R432,0,0,0,,a3dda9c42511e4bd353e3e1eeef1823b
1811822,Deadly Honeymoon,,3,2010,0,D345,0,0,0,,d4e56d89bc36e227560a85522eaf8455
1813400,Decadent Evil II,,4,2007,0,D2353,0,0,0,,0acb9374f7d1a9305e751580eb759373
1813993,Deep Impact,,1,1998,0,D1512,0,0,0,,430a4394a004e07efdc13cb4508aa435
1820222,Der Richter und sein Henker,,1,1975,0,R2365,0,0,0,,7eb99ae3cc7adc90b64b614e2c5d1a38
1818923,Der junge Törless,,1,1966,0,J5236,0,0,0,,c24091fa52f242087d911e869a1ee87e
1819374,Der letzte Mann,,1,1924,0,L3235,0,0,0,,02e7ccaee5ed51e86a2ac6d1c39b0a8a
1825976,Dial M for Murder,,1,1954,0,D4516,0,0,0,,908e3db0b65c497b19e9868eb4d7b255
1826238,Diamonds Are Forever,,1,1971,0,D5326,0,0,0,,458b481f9fb35707552d9c8343a669b6
1826442,Diarios de motocicleta,,1,2004,0,D6235,0,0,0,,a8efff46de1d443757877561924e0810
1836438,Django Unchained,,1,2012,0,D2525,0,0,0,,9383418fe7bfb515114fd2e20524efd7
1836438,Django Unchained,,1,2012,0,D2525,0,0,0,,9383418fe7bfb515114fd2e20524efd7
1836438,Django Unchained,,1,2012,0,D2525,0,0,0,,9383418fe7bfb515114fd2e20524efd7
1836438,Django Unchained,,1,2012,0,D2525,0,0,0,,9383418fe7bfb515114fd2e20524efd7
1840189,Don't Look Now,,1,1973,0,D5342,0,0,0,,95c34280a7a3d929e4bc96c9bdb7b540
1844543,Dragon Eyes,,1,2012,0,D6252,0,0,0,,bc86275b099ac44d2b8c663d6fae9497
1845819,Dredd,,1,2012,0,D63,0,0,0,,d5b31d4bf5f623468e4cde039b10524a
1845819,Dredd,,1,2012,0,D63,0,0,0,,d5b31d4bf5f623468e4cde039b10524a
1845819,Dredd,,1,2012,0,D63,0,0,0,,d5b31d4bf5f623468e4cde039b10524a
1845819,Dredd,,1,2012,0,D63,0,0,0,,d5b31d4bf5f623468e4cde039b10524a
1845819,Dredd,,1,2012,0,D63,0,0,0,,d5b31d4bf5f623468e4cde039b10524a
1845819,Dredd,,1,2012,0,D63,0,0,0,,d5b31d4bf5f623468e4cde039b10524a
1845819,Dredd,,1,2012,0,D63,0,0,0,,d5b31d4bf5f623468e4cde039b10524a
1845819,Dredd,,1,2012,0,D63,0,0,0,,d5b31d4bf5f623468e4cde039b10524a
1845819,Dredd,,1,2012,0,D63,0,0,0,,d5b31d4bf5f623468e4cde039b10524a
1845819,Dredd,,1,2012,0,D63,0,0,0,,d5b31d4bf5f623468e4cde039b10524a
1845819,Dredd,,1,2012,0,D63,0,0,0,,d5b31d4bf5f623468e4cde039b10524a
1847724,Du saram-yida,,1,2007,0,D2653,0,0,0,,2a3e191e27ee60c16fbe73b7b69a7f93
1847929,Dubois: The Quest for the Missing Link,,3,2013,0,D1232,0,0,0,,2de03c7aa8187489613fc81e908202d9
1848800,Dumbo,,1,1941,0,D51,0,0,0,,6626f8764fce4b7c2702352849cbab9f
1849430,Dust,I,1,2001,0,D23,0,0,0,,1f012be2deb56a3d6948b2d68bb6395c
1851908,East Side Kids,,1,1940,0,E2323,0,0,0,,e86b12905f4b64ace0d404ac5ee8faab
1853284,Eden Log,,1,2007,0,E3542,0,0,0,,59a06e01d9194353d25dd673ff93b09b
1855848,Ein Toter hing im Netz,,1,1960,0,T3652,0,0,0,,7207fda6b035ed090a7c478e8df38815
1857054,Ekstase,,1,1933,0,E232,0,0,0,,9d11c6d252ad433be3262eee668ec94b
1858684,El cuerpo,,1,2012,0,C61,0,0,0,,696b0ff15fe806b9cbb1fe51209f9b95
1858984,El disputado voto del señor Cayo,,1,1986,0,D2131,0,0,0,,bb42fe67057cd5a17f7fff63496ee047
1864938,Elizabeth,,1,1998,0,E4213,0,0,0,,0abcadd2e3fad3a9f7c16b30ea92081d
1866268,Emil i Lönneberga,,1,1971,0,E5451,0,0,0,,3b4bc73eddd10bb514b6636990417b72
1868628,End of Watch,,1,2012,0,E5313,0,0,0,,d2e03e7c807864a7fbf5a3fb37c335c8
1870907,Epitaph: Bread and Salt,,1,2013,0,E1316,0,0,0,,4bc6815f6c7396263ff6f1de399aac6b
1875928,Evelyn,,1,2002,0,E145,0,0,0,,0b339ab8131132d66546278ebdb7e5e3
1886910,Felix the Cat: The Movie,,1,1988,0,F4232,0,0,0,,bc9bb807d148407ec0dd9dc911aad9c3
1890345,Final Chapter: Walking Tall,,1,1977,0,F5421,0,0,0,,0c92e81cecc59224d651463cd45c8fe5
1894447,Flicka,,1,2006,0,F42,0,0,0,,34cae8bcdecf49cc4d8aff09584b4fd7
1897391,For Ever Mozart,,1,1996,0,F6165,0,0,0,,a5f47369c9eede792fa8e70901cb01d5
1903727,Friday the 13th Part VIII: Jason Takes Manhattan,,1,1989,0,F6316,0,0,0,,8ed4d8d32768a1a596064b18b343e4e5
1904036,Friends with Benefits,,1,2011,0,F6532,0,0,0,,899c0edfecb1f6f1ce5b48e337ff1ea2
1911045,Gangster Squad,,1,2013,0,G5236,0,0,0,,2d45eff1790bbd8ee1f06ee3c84f3082
1915404,Get Mean,,1,1975,0,G35,0,0,0,,0d936910174427f5c6164c62b3ae3e84
1917767,Ginger e Fred,,1,1986,0,G5261,0,0,0,,ae570dce144db375308df7936eb54426
1918310,Girl in Progress,,1,2012,0,G6451,0,0,0,,840dce700a9ced3c5c5c1829816f532f
1923747,Gone,I,1,2012,0,G5,0,0,0,,2df17990a5b857a7c84dd8b624295de3
1925898,Goya's Ghosts,,1,2006,0,G232,0,0,0,,535b9414cc0f6dd26dd70742b09996ee
1935237,Hamlet,,1,1948,0,H543,0,0,0,,af6a0ee2fc5caf2f3004da7ab9061df8
1936461,Hannibal Studio Takes Vol. 5,,4,2007,0,H5142,0,0,0,,dc7d5c190763eecb10fabd83b53a81c3
1936638,Hansel & Gretel: Witch Hunters,,1,2013,0,H5242,0,0,0,,01ecfa9373b6b77096cdf733b6511431
1938763,Harper,,1,1966,0,H616,0,0,0,,c68509ae836c650d66ebb44c21d34efe
1945260,Henry Poole Is Here,,1,2008,0,H5614,0,0,0,,272dfdb23ebcb8e4d56961b146bb75f7
1947862,Het Meisje en de Dood,,1,2012,0,M253,0,0,0,,94472298c97509a2ccec31e63c94fba3
1952349,Historias que so existem quando lembradas,,1,2011,0,H2362,0,0,0,,856283f6d72b55c18f67999819af0920
1960910,How Do You Know,,1,2010,0,H325,0,0,0,,6876f3fd4bf1bfcd21c6f6e62e278204
1968561,I Married Wyatt Earp,,3,1983,0,M6361,0,0,0,,1fec989b8f8a32b0956ac01e9c0724c7
1972354,Idioterne,,1,1998,0,I365,0,0,0,,d9d838959ff7aefe3b4e82e2188d64f8
1974481,Il divo: La spettacolare vita di Giulio Andreotti,,1,2008,0,D1421,0,0,0,,6a3a1299454e79ccca32a6a037631250
1979473,In Bruges,,1,2008,0,I5162,0,0,0,,05b64f3b38e71987de292c32c74fa8c1
1979894,In Good Company,,1,2004,0,I5232,0,0,0,,1e09eb699652c66b52ccd69a699b1596
1983931,Infancia clandestina,,1,2011,0,I5152,0,0,0,,4d96089c031a14fd0775508a2c5cc3db
1990690,Isn't Life Wonderful!,,1,1954,0,I2534,0,0,0,,569ca009fb9ea9c97dbccc23338d4182
1991867,It's Always Fair Weather,,1,1955,0,I3242,0,0,0,,71435b3c47fdc64b1979a4792e6ba94d
1997419,JCVD,,1,2008,0,J213,0,0,0,,1a48f1614bdde710ce20fd1f9d7119fe
1995807,James Bond Down River,,3,2000,0,J5215,0,0,0,,c53d6b9d8757b2d4042927d86867e335
1996240,Jane Eyre,,1,2011,0,J56,0,0,0,,ac7e08339b263dc30a1f2553b5abb956
1996405,"""Janghwa", Hong,0,1,2003,,0,0,0,,
2001798,Jodorowsky's Dune,,1,2013,0,J3623,0,0,0,,3a47c9bacf8aae47f2a2778d2d7ecd3b
2002409,John Dies at the End,,1,2012,0,J5323,0,0,0,,4decc5f68782809a6bd2ee11c52aa040
2002780,Johnny Belinda,,1,1948,0,J5145,0,0,0,,75e0f53b623c5efcb7a3d112c24d36f1
2002848,Johnny English Reborn,,1,2011,0,J5242,0,0,0,,b6ca1593913f3bca994932ce0e886431
2004290,Journey 2: The Mysterious Island,,1,2012,0,J6535,0,0,0,,5c610ed9d15a1f67b53006decb4d8d52
2006138,Julius Caesar,,3,1984,0,J426,0,0,0,,65130a3c55b0b15713abe2fe9b291697
2006614,Jungle Fever,,1,1991,0,J5241,0,0,0,,8793755f00f791503eed981cb9abf7d0
2015201,Kaze no tani no Naushika,,1,1984,0,K2535,0,0,0,,58f35afb100fea803c4193987d68fa8d
2019355,Killer Joe,,1,2011,0,K462,0,0,0,,e07d2172a06d1e1b25712c7ce3170e9e
2019935,Kimmy Dora and the Temple of Kiyeme,,1,2012,0,K5365,0,0,0,,f6860a312ee25bf5281c412f6e22d084
2020397,King Kong,,1,2005,0,K5252,0,0,0,,60810290b978746090638b87919df857
2020403,King Kong Lives,,1,1986,0,K5252,0,0,0,,67265126b57e4469d265fbd283c22de4
2032838,L'enfant d'en haut,,1,2012,0,E5153,0,0,0,,b1b3becc028d390b6e4d2a23bce9f90a
2032838,L'enfant d'en haut,,1,2012,0,E5153,0,0,0,,b1b3becc028d390b6e4d2a23bce9f90a
2035076,L'uomo che guarda,,1,1994,0,U5263,0,0,0,,4ede77cc25af58c765a893f2a5f48b55
2036453,La bestia nello spazio,,1,1980,0,B2354,0,0,0,,19fa671e10125994d3a15fa61d04700c
2038719,La cérémonie,,1,1995,0,C65,0,0,0,,f2459e501f259293147b7cb8db6df93c
2039960,La femme du Vème,,1,2011,0,F5315,0,0,0,,4330d867c533bfe57ce0c7be0ef67808
2047320,La science des rêves,,1,2006,0,S2523,0,0,0,,553d3f3dd01d94189416a11fa0fad77b
2054199,Last Action Hero,,1,1993,0,L2323,0,0,0,,2599623b82c21cffa628caf8dd9147fa
2055942,Laurence Anyways,,1,2012,0,L6525,0,0,0,,efc0890f53e0283208192448bfec59d8
2056208,Lawless,,1,2012,0,L42,0,0,0,,82cbecf87fc05420bc44651310e14799
2056208,Lawless,,1,2012,0,L42,0,0,0,,82cbecf87fc05420bc44651310e14799
2056331,Lay the Favorite,,1,2012,0,L3163,0,0,0,,b0e495241a84fcf6077dc5e9bc56ee64
2060585,Le nouveau monde,,1,1995,0,N153,0,0,0,,e2a81bbcdb5160a796136c33b9a82ab3
2061424,Le prénom,,1,2012,0,P65,0,0,0,,4fa4b5807612077a0193ed335c96c024
2064680,Legend,,1,1985,0,L253,0,0,0,,338d784ef8c4c6cf42161467fd70d273
2065764,Leo Kottke: Home & Away,,3,1989,0,L2325,0,0,0,,68d8e91a955869c0226d179c7a42dafe
2067006,Les Dalton en cavale,,1,1983,0,D4352,0,0,0,,e432c0cbc4726060eeacb104ab6c4b65
2068450,Les Misérables,,1,2012,0,M2614,0,0,0,,95d77db7207c73ff81a0ca77f0708623
2068450,Les Misérables,,1,2012,0,M2614,0,0,0,,95d77db7207c73ff81a0ca77f0708623
2066215,Les amours d'Astrée et de Céladon,,1,2007,0,A5623,0,0,0,,4b82cc6d5e926534cd0878bd0031085f
2067760,Les gamins,,1,2013,0,G52,0,0,0,,1224117fa67ef2c3469c7f086250303c
2068064,Les invasions barbares,,1,2003,0,I5125,0,0,0,,024086a6bd0ce013f0d7b92e15203560
2069272,Les saveurs du Palais,,1,2012,0,S1623,0,0,0,,4ea16b3fcf1ab40c5d61fe99648e6ff7
2080209,Lockout,,1,2012,0,L23,0,0,0,,a4ebdec5faeb80ca7fa5b3d90e100b87
2080209,Lockout,,1,2012,0,L23,0,0,0,,a4ebdec5faeb80ca7fa5b3d90e100b87
2080209,Lockout,,1,2012,0,L23,0,0,0,,a4ebdec5faeb80ca7fa5b3d90e100b87
2081570,Look,,1,2007,0,L2,0,0,0,,74ac9c38f67d17b8a7f40f7da3bfff74
2082322,Looper,,1,2012,0,L16,0,0,0,,13e2ca3b6c16c4643af54d55a0484237
2082322,Looper,,1,2012,0,L16,0,0,0,,13e2ca3b6c16c4643af54d55a0484237
2082322,Looper,,1,2012,0,L16,0,0,0,,13e2ca3b6c16c4643af54d55a0484237
2082322,Looper,,1,2012,0,L16,0,0,0,,13e2ca3b6c16c4643af54d55a0484237
2082322,Looper,,1,2012,0,L16,0,0,0,,13e2ca3b6c16c4643af54d55a0484237
2082699,Lore,,1,2012,0,L6,0,0,0,,1c2d186ec37d2ea14ae2386ccbab5017
2082699,Lore,,1,2012,0,L6,0,0,0,,1c2d186ec37d2ea14ae2386ccbab5017
2082817,Los 2 lados de la cama,,1,2005,0,L3234,0,0,0,,dc2b3b76c47754fe274d2d5aefc6e35d
2087377,Love Ranch,,1,2010,0,L1652,0,0,0,,f5948f6f09757ec62516032b03a79003
2091575,Låt den rätte komma in,,1,2008,0,L3563,0,0,0,,a9735e36549496f770ea18a2706b33e9
2098266,Malcolm,,1,1986,0,M4245,0,0,0,,eb40bbe06417357bea9c9fdd75d2b5ad
2098736,Malone,,1,1987,0,M45,0,0,0,,70905e90c821292bb193afaf3f90d329
2105132,Marty and Elayne: Stayin' Alive at the Dresden,,1,2013,0,M6353,0,0,0,,2d7d1a687d59c4ef4e205affc3856187
2105376,Marvin's Room,,1,1996,0,M6152,0,0,0,,a3c24f2978772b5c577a491439207ea8
2106898,Matchstick Men,,1,2003,0,M3232,0,0,0,,15caf9a966e562ebf3f7ff2c8b64d371
2108311,Maximum Conviction,,1,2012,0,M2525,0,0,0,,2ca15c0435abb96e664c7af5b2be4ae5
2110557,Meet Dave,,1,2008,0,M31,0,0,0,,8ab2287dc45a584e95040c976698f4fe
2117581,Midnight Cowboy,,1,1969,0,M3523,0,0,0,,eef120b148aa32507e0e998cec633e1d
2117933,Miehen työ,,1,2007,0,M53,0,0,0,,17a6720f80072f51fb0b0df524562b9d
2118014,Mies vailla menneisyyttä,,1,2002,0,M2145,0,0,0,,eefaf1a4cec25b8560ab044e44150282
2118093,Mighty Joe Young,,1,1949,0,M2325,0,0,0,,90729db06c86278898cbcb376935e93f
2120905,Miracle at Midnight,,3,1998,0,M6243,0,0,0,,fa6449ed15cec662cb2f5b15fe9164bc
2120909,Miracle at St. Anna,,1,2008,0,M6243,0,0,0,,ec678653dbe5f7591bb53cd3e2d32326
2122875,Missione eroica - I pompieri 2,,1,1987,0,M2562,0,0,0,,841538ee599eb49fde0fcb364d1574f5
2127988,Monty Python and the Holy Grail,,1,1975,0,M5313,0,0,0,,3c4cf939968c7d3763c6cc25f7774c7e
2128394,Moonraker,,1,1979,0,M5626,0,0,0,,8020b29c0129fa51e3ae4b48d2ab98d2
2134996,Munich,,1,2005,0,M52,0,0,0,,759ac9ac89302edd1290952ea804737e
2136025,Music from Another Room,,1,1998,0,M2165,0,0,0,,133bcfb3334752c83fa8c65586a462b3
2138792,My Left Foot: The Story of Christy Brown,,1,1989,0,M4131,0,0,0,,5127418f3c4f8840d1d217c9f8042ec1
2145786,Nasty Fucking Nurses,,4,2006,0,N2312,0,0,0,,76889e6f0184553867c4a2096ee755c3
2146380,National Treasure: Book of Secrets,,1,2007,0,N3543,0,0,0,,2b1b873906106f0d6d07627cf2089c6a
2151687,"""New York", I Lo,0,1,2009,,0,0,0,,
2155481,Ninkyô Helper,,1,2012,0,N5241,0,0,0,,a018ad46dee6edf7683409973a9c2793
2155481,Ninkyô Helper,,1,2012,0,N5241,0,0,0,,a018ad46dee6edf7683409973a9c2793
2155527,Nintama Rantarô,,1,2011,0,N5356,0,0,0,,a856e000570de291cb1e96c3a7f53ceb
2156947,No Man's Woman,,1,1955,0,N525,0,0,0,,a21b5e507097b06c39118b1ccbc2b9a7
2161788,November Man,,1,2014,0,N1516,0,0,0,,8c1af6e3fde5881fa4854c914fb7e9ab
2163921,Nymphomaniac,,1,2013,0,N5152,0,0,0,,6a9d07704c0453aea868112b1123865a
2164373,Nô Otoko,,1,2013,0,N32,0,0,0,,b64d40ea1173914b9e82559ae8d735b1
2165987,O Megalexandros,,1,1980,0,M2425,0,0,0,,ebcf15977a8ab3c14582839491a7bb16
2171090,Okami kodomo no ame to yuki,,1,2012,0,O2523,0,0,0,,bb5e5843624be7c0d65e6452790188ec
2171090,Okami kodomo no ame to yuki,,1,2012,0,O2523,0,0,0,,bb5e5843624be7c0d65e6452790188ec
2171090,Okami kodomo no ame to yuki,,1,2012,0,O2523,0,0,0,,bb5e5843624be7c0d65e6452790188ec
2176769,One-Eyed Jacks,,1,1961,0,O532,0,0,0,,e5195be10fc65faccc17c577c532a51f
2177341,Onna hissatsu ken,,1,1974,0,O5232,0,0,0,,bf3970c8dc2da8ec83e83a6ef98f61b3
2187191,Palme,,1,2012,0,P45,0,0,0,,18c98699202591ebaeb20784b2d6ee6c
2188838,Paní Kacka zasahuje,,1,1939,0,P52,0,0,0,,2b91c925304ad2e64fa8dde472ebf676
2196552,Penelope,,1,2006,0,P541,0,0,0,,ef7977e8c31cfc6ad82cf29854f6ffe7
2198256,Perils of the Jungle,,1,1953,0,P6421,0,0,0,,bfc11e0bda1b78ef45affc9af8a93ca5
2199691,Peter Pan,,1,2003,0,P3615,0,0,0,,2c1948efcc79674ed157806c21faf624
2204143,Pippin: His Life and Times,,3,1981,0,P1524,0,0,0,,8d26f52a10be211b26646dad142a976e
2204194,Piranha 3DD,,1,2012,0,P653,0,0,0,,aff6e4d40affbd96f626161bff163f16
2204725,Pitch Perfect,,1,2012,0,P3216,0,0,0,,f84b817ab753f99f0ed3a374b86723ca
2205350,Plan 9 from Outer Space,,1,1959,0,P4516,0,0,0,,7ee15af5d79c5db362976d9e67f19df7
2216928,Priest,,1,1994,0,P623,0,0,0,,c0a511d01ba75ddc297a3781c505487d
2220541,Prometheus,I,1,2012,0,P6532,0,0,0,,51f3cf543f0ec02a0999c269f1fbb0ff
2221911,Psychedelic Cinema,,4,2002,0,P2342,0,0,0,,8687f1e0384db2bfb90deec3b5c6196e
2227162,Queen Christina,,1,1933,0,Q5262,0,0,0,,2d1d7349a6114d9dbe5cfbde2243a392
2230770,Raising Children: A Guide to Parenting from Birth to Five,,4,2007,0,R2524,0,0,0,,11151659753c9ceb2ed4178417111d75
2236111,Red Lights,,1,2012,0,R3423,0,0,0,,c271859a52d714ab828d6a26dd97adee
2236433,Red Tails,,1,2012,0,R342,0,0,0,,c90d2a0c257004374abe38e7be294782
2236433,Red Tails,,1,2012,0,R342,0,0,0,,c90d2a0c257004374abe38e7be294782
2236557,Redacted,,1,2007,0,R323,0,0,0,,cd49907163a30897bfdc7a3769cb9716
2239919,Requiem for a Dream,,1,2000,0,R2516,0,0,0,,9b7be983baa522cc2edb322c2a776454
2240258,Resident Evil: Retribution,,1,2012,0,R2353,0,0,0,,9fc090af0faec5d382fb0c69b878c6b1
2240258,Resident Evil: Retribution,,1,2012,0,R2353,0,0,0,,9fc090af0faec5d382fb0c69b878c6b1
2240258,Resident Evil: Retribution,,1,2012,0,R2353,0,0,0,,9fc090af0faec5d382fb0c69b878c6b1
2240258,Resident Evil: Retribution,,1,2012,0,R2353,0,0,0,,9fc090af0faec5d382fb0c69b878c6b1
2243286,Ricky,I,1,2009,0,R2,0,0,0,,5533ab39b917e511607c88dbff2db4ce
2244694,Rinjin 13-gô,,1,2005,0,R5252,0,0,0,,c547dc8f2e03f550cf88083060bab229
2247697,Rock of Ages,,1,2012,0,R212,0,0,0,,8b8df393ff73fe77fc875b74c05275bc
2247697,Rock of Ages,,1,2012,0,R212,0,0,0,,8b8df393ff73fe77fc875b74c05275bc
2247697,Rock of Ages,,1,2012,0,R212,0,0,0,,8b8df393ff73fe77fc875b74c05275bc
2248454,Rogue,,1,2007,0,R2,0,0,0,,9e07ff57a63c868fd67f43dddce5644d
2249278,Romance Revier,,1,1934,0,R5261,0,0,0,,a58966d5e64dbdac49476aad6d33b29d
2252425,Ruang rak noi nid mahasan,,1,2003,0,R5262,0,0,0,,45c062ad4b8c5fb5d4ed90c1d284586a
2257040,Safe,I,1,2012,0,S1,0,0,0,,be88dace60cf1a92cd86e9fd823e8ee6
2257040,Safe,I,1,2012,0,S1,0,0,0,,be88dace60cf1a92cd86e9fd823e8ee6
2257040,Safe,I,1,2012,0,S1,0,0,0,,be88dace60cf1a92cd86e9fd823e8ee6
2257040,Safe,I,1,2012,0,S1,0,0,0,,be88dace60cf1a92cd86e9fd823e8ee6
2257040,Safe,I,1,2012,0,S1,0,0,0,,be88dace60cf1a92cd86e9fd823e8ee6
2257040,Safe,I,1,2012,0,S1,0,0,0,,be88dace60cf1a92cd86e9fd823e8ee6
2257040,Safe,I,1,2012,0,S1,0,0,0,,be88dace60cf1a92cd86e9fd823e8ee6
2257040,Safe,I,1,2012,0,S1,0,0,0,,be88dace60cf1a92cd86e9fd823e8ee6
2257040,Safe,I,1,2012,0,S1,0,0,0,,be88dace60cf1a92cd86e9fd823e8ee6
2257040,Safe,I,1,2012,0,S1,0,0,0,,be88dace60cf1a92cd86e9fd823e8ee6
2257084,Safe House,,1,2012,0,S12,0,0,0,,14c1ac169f728fe28a5e9ea9cdee3269
2257084,Safe House,,1,2012,0,S12,0,0,0,,14c1ac169f728fe28a5e9ea9cdee3269
2257084,Safe House,,1,2012,0,S12,0,0,0,,14c1ac169f728fe28a5e9ea9cdee3269
2257084,Safe House,,1,2012,0,S12,0,0,0,,14c1ac169f728fe28a5e9ea9cdee3269
2257084,Safe House,,1,2012,0,S12,0,0,0,,14c1ac169f728fe28a5e9ea9cdee3269
2257084,Safe House,,1,2012,0,S12,0,0,0,,14c1ac169f728fe28a5e9ea9cdee3269
2260359,San suk si gin,,1,2009,0,S525,0,0,0,,e968dde77503a82034860f533f5567aa
2268520,Scrooged,,1,1988,0,S2623,0,0,0,,b541be513c25865324a38f89f50fab49
2270371,Secretariat: Heart of a Champion,,4,2011,0,S2636,0,0,0,,06a986e101d95227581e4447eb8a731b
2275355,Seven Psychopaths,,1,2012,0,S1512,0,0,0,,60adb8ad56f3894ee1f3531b2e422aec
2275355,Seven Psychopaths,,1,2012,0,S1512,0,0,0,,60adb8ad56f3894ee1f3531b2e422aec
2275355,Seven Psychopaths,,1,2012,0,S1512,0,0,0,,60adb8ad56f3894ee1f3531b2e422aec
2275355,Seven Psychopaths,,1,2012,0,S1512,0,0,0,,60adb8ad56f3894ee1f3531b2e422aec
2275355,Seven Psychopaths,,1,2012,0,S1512,0,0,0,,60adb8ad56f3894ee1f3531b2e422aec
2280998,Shed Seven: 'What Goes on Tour...',,1,2012,0,S3215,0,0,0,,e7d7513d304c2a60bc55214bb7af07f7
2291755,Skeleton Frolics,,1,1937,0,S2435,0,0,0,,5775f4e500a5ad81e431a477cb22bffb
2292728,Skyfall,,1,2012,0,S214,0,0,0,,4fc02335663872e0f5929b76daf45368
2292728,Skyfall,,1,2012,0,S214,0,0,0,,4fc02335663872e0f5929b76daf45368
2292728,Skyfall,,1,2012,0,S214,0,0,0,,4fc02335663872e0f5929b76daf45368
2292728,Skyfall,,1,2012,0,S214,0,0,0,,4fc02335663872e0f5929b76daf45368
2292728,Skyfall,,1,2012,0,S214,0,0,0,,4fc02335663872e0f5929b76daf45368
2292728,Skyfall,,1,2012,0,S214,0,0,0,,4fc02335663872e0f5929b76daf45368
2292728,Skyfall,,1,2012,0,S214,0,0,0,,4fc02335663872e0f5929b76daf45368
2292728,Skyfall,,1,2012,0,S214,0,0,0,,4fc02335663872e0f5929b76daf45368
2308063,Spun,,1,2002,0,S15,0,0,0,,3843bc8de3d8ba07d1d36ee530f702a8
2309856,Stand Up Guys,,1,2012,0,S3531,0,0,0,,0352575f79b9e2df289a5e337cb1215b
2310187,Star Cuts 18: Tiffany Blake,,4,1986,0,S3623,0,0,0,,48c7e64f98100c4e7a07e9ad5424782c
2310413,Star Trek IV: The Voyage Home,,1,1986,0,S3636,0,0,0,,6d399c797053ec35f1c0ca6084b989b3
2311164,Starship Troopers: Invasion,,1,2012,0,S3621,0,0,0,,b5d402867560b227a3989b44d9856c23
2311164,Starship Troopers: Invasion,,1,2012,0,S3621,0,0,0,,b5d402867560b227a3989b44d9856c23
2313992,Stolen,,1,2012,0,S345,0,0,0,,1b34241e906081a3187605947062cca2
2314090,Stolen Summer,,1,2002,0,S3452,0,0,0,,4743bb569faf102b248e8aa822ee1f6b
2314533,Storage 24,,1,2012,0,S362,0,0,0,,032eda860ca67633e2097c370f736378
2314533,Storage 24,,1,2012,0,S362,0,0,0,,032eda860ca67633e2097c370f736378
2319403,Suden vuosi,,1,2007,0,S3512,0,0,0,,f59ba27eeddd44f45b92d17db9cc76e4
2323264,Sur la piste du Marsupilami,,1,2012,0,S6412,0,0,0,,9a39ea3e327c7d203f1aab9953e536e1
2324224,Sushi Girl,,1,2012,0,S264,0,0,0,,14b991a3101b233694ef84642703f5ed
2324802,Svartur á leik,,1,2012,0,S1636,0,0,0,,85ca345a6af0958c8e22fefed71259b7
2326539,Swimfan,,1,2002,0,S515,0,0,0,,7b00ee7c5cb331eff4d6ce6915b49a16
2328057,Säilöttyjä unelmia,,1,2012,0,S4325,0,0,0,,b35d58a04594ef9667670cb8b613ce35
2328057,Säilöttyjä unelmia,,1,2012,0,S4325,0,0,0,,b35d58a04594ef9667670cb8b613ce35
2328057,Säilöttyjä unelmia,,1,2012,0,S4325,0,0,0,,b35d58a04594ef9667670cb8b613ce35
2329349,Tabu,I,1,2012,0,T1,0,0,0,,e476d94a503f60f59dc70318806bca19
2335632,Ted,,1,2012,0,T3,0,0,0,,a4ca81d7ce862daa8aa94a504857a062
2335632,Ted,,1,2012,0,T3,0,0,0,,a4ca81d7ce862daa8aa94a504857a062
2341253,That's My Boy,,1,2012,0,T3251,0,0,0,,991df05ac54a5ec00da32ec339bb3ef6
2341253,That's My Boy,,1,2012,0,T3251,0,0,0,,991df05ac54a5ec00da32ec339bb3ef6
2341253,That's My Boy,,1,2012,0,T3251,0,0,0,,991df05ac54a5ec00da32ec339bb3ef6
2343415,The Adventures of Baron Munchausen,,1,1988,0,A3153,0,0,0,,5be2d3fba3e23ec7dc045c8f9e0023b6
2343415,The Adventures of Baron Munchausen,,1,1988,0,A3153,0,0,0,,5be2d3fba3e23ec7dc045c8f9e0023b6
2344067,The Alamo,,1,2004,0,A45,0,0,0,,e724d3ed33605d17cc495decfedb51ab
2344435,The Amazing Spider-Man,,1,2012,0,A5252,0,0,0,,b3bddb70dbad5bcee3c73231950fe430
2345172,The Apartment,,1,1960,0,A1635,0,0,0,,7dcb2992b5d85bc45aa25e3c34afba4a
2351864,The Bourne Legacy,,1,2012,0,B6542,0,0,0,,a8bb6e4d70cc205c34f2dded8ac5f23e
2351864,The Bourne Legacy,,1,2012,0,B6542,0,0,0,,a8bb6e4d70cc205c34f2dded8ac5f23e
2351864,The Bourne Legacy,,1,2012,0,B6542,0,0,0,,a8bb6e4d70cc205c34f2dded8ac5f23e
2351864,The Bourne Legacy,,1,2012,0,B6542,0,0,0,,a8bb6e4d70cc205c34f2dded8ac5f23e
2351864,The Bourne Legacy,,1,2012,0,B6542,0,0,0,,a8bb6e4d70cc205c34f2dded8ac5f23e
2351864,The Bourne Legacy,,1,2012,0,B6542,0,0,0,,a8bb6e4d70cc205c34f2dded8ac5f23e
2351864,The Bourne Legacy,,1,2012,0,B6542,0,0,0,,a8bb6e4d70cc205c34f2dded8ac5f23e
2351864,The Bourne Legacy,,1,2012,0,B6542,0,0,0,,a8bb6e4d70cc205c34f2dded8ac5f23e
2351864,The Bourne Legacy,,1,2012,0,B6542,0,0,0,,a8bb6e4d70cc205c34f2dded8ac5f23e
2351864,The Bourne Legacy,,1,2012,0,B6542,0,0,0,,a8bb6e4d70cc205c34f2dded8ac5f23e
2351864,The Bourne Legacy,,1,2012,0,B6542,0,0,0,,a8bb6e4d70cc205c34f2dded8ac5f23e
2351864,The Bourne Legacy,,1,2012,0,B6542,0,0,0,,a8bb6e4d70cc205c34f2dded8ac5f23e
2351864,The Bourne Legacy,,1,2012,0,B6542,0,0,0,,a8bb6e4d70cc205c34f2dded8ac5f23e
2351864,The Bourne Legacy,,1,2012,0,B6542,0,0,0,,a8bb6e4d70cc205c34f2dded8ac5f23e
2353227,The Brylcreem Boys,,1,1998,0,B6426,0,0,0,,a44ff29eaab718c383937d5cf6ca2eb7
2353228,The Brøken,,1,2008,0,B625,0,0,0,,96b80c692c5c7feb938ce3b98e857a35
2353741,The Butcher,,1,2009,0,B326,0,0,0,,f81c38477b17a10623a530320e649ffc
2354300,The Campaign,,1,2012,0,C5125,0,0,0,,bc1838865c690dd0bd5c6493dddeebc3
2358169,The Contender,,1,2000,0,C5353,0,0,0,,236930adceb5d8010d6611ed1f5e5006
2359463,The Croods,,1,2013,0,C632,0,0,0,,d339f6f3082017380a32c0122156c641
2359463,The Croods,,1,2013,0,C632,0,0,0,,d339f6f3082017380a32c0122156c641
2359716,The Crying Game,,1,1992,0,C6525,0,0,0,,2c74c43af461142ac58897960770c379
2360094,The Custom Mary,,1,2011,0,C2356,0,0,0,,6e6d2669e1d5f760909f082c2dcfb65d
2361163,The Dead,,1,1987,0,D3,0,0,0,,982fcb64e3fb008d5038b35a94531626
2361680,The Deep Blue Sea,,1,2011,0,D142,0,0,0,,ab2ed06bfc3a953cf1945f9e2d39d37f
2362330,The Devil Inside,,1,2012,0,D1452,0,0,0,,37a582db600f5e757e6254e9ea05e8d0
2366568,The Expendables 2,,1,2012,0,E2153,0,0,0,,0fdea429eb6c1d76f6a171ef5b31c4c5
2366568,The Expendables 2,,1,2012,0,E2153,0,0,0,,0fdea429eb6c1d76f6a171ef5b31c4c5
2366568,The Expendables 2,,1,2012,0,E2153,0,0,0,,0fdea429eb6c1d76f6a171ef5b31c4c5
2366568,The Expendables 2,,1,2012,0,E2153,0,0,0,,0fdea429eb6c1d76f6a171ef5b31c4c5
2370863,The Front,,1,1976,0,F653,0,0,0,,18e0f35e686d2a0c2165da4ac0c4128e
2374658,The Great Gatsby,,1,2013,0,G6323,0,0,0,,48485fc70f432c5e48e81a6b6b65eb12
2376689,The Haunting in Connecticut 2: Ghosts of Georgia,,1,2013,0,H5352,0,0,0,,4a681b9c161cd6aa51667d72a7bd5b97
2378095,"""The Hollywood Miss Sapientia: Hedy Lamarr", Actr,0,4,2012,,0,0,0,,
2378217,The Homeless Flea,,1,1940,0,H5421,0,0,0,,f97ced8ae59299ecd78af254652c8327
2379130,The Human Centipede II (Full Sequence),,1,2011,0,H5253,0,0,0,,262248025280d2546659787a390be83c
2380677,The Interpreter,,1,2005,0,I5361,0,0,0,,cfaf578375508401263d2fc84ebdefad
2381167,The Island,,1,2005,0,I2453,0,0,0,,13651bfeeadc6b09dcef24e07e367519
2382585,The Kid Stays in the Picture,,1,2002,0,K3232,0,0,0,,176a03020c16f6e38caedbec2012af04
2383681,The Ladykillers,,1,2004,0,L3246,0,0,0,,1ec5a5995dc591d1ac99054d596ffa78
2384569,The Last King of Scotland,,1,2006,0,L2325,0,0,0,,c22e9731ef4ab7f11ec89a12eeab142d
2386840,The Lightning Express,,1,1930,0,L2352,0,0,0,,6277bdd9cd58f55f7c8fcd2c247442fb
2388287,The Longest Daycare,,1,2012,0,L5232,0,0,0,,98907184c7cb1143fc16fda05a524c39
2389353,The Lucky One,,1,2012,0,L25,0,0,0,,97afb02f9af901c74710fe205be444c8
2389353,The Lucky One,,1,2012,0,L25,0,0,0,,97afb02f9af901c74710fe205be444c8
2389353,The Lucky One,,1,2012,0,L25,0,0,0,,97afb02f9af901c74710fe205be444c8
2389938,The Magic Sword,,1,1962,0,M263,0,0,0,,8ec3a58e5a182306cc943336273e0c2b
2392653,The Master,,1,2012,0,M236,0,0,0,,5e183a389678e584069e96906316fe6c
2392653,The Master,,1,2012,0,M236,0,0,0,,5e183a389678e584069e96906316fe6c
2397279,The Newest Pledge,,1,2012,0,N2314,0,0,0,,53d75c3617281b3302bdd94ad6402ea2
2397711,The Nightcomers,,1,1971,0,N2325,0,0,0,,31b9e014958ec4bfadf392f83c8361a8
2400378,The Paperboy,,1,2012,0,P161,0,0,0,,c303ee511df8f878af076149f79af64e
2400378,The Paperboy,,1,2012,0,P161,0,0,0,,c303ee511df8f878af076149f79af64e
2402389,The Pirates! In an Adventure with Scientists!,,1,2012,0,P6325,0,0,0,,243191440af1fc1dfbf0deb995dee571
2402389,The Pirates! In an Adventure with Scientists!,,1,2012,0,P6325,0,0,0,,243191440af1fc1dfbf0deb995dee571
2402389,The Pirates! In an Adventure with Scientists!,,1,2012,0,P6325,0,0,0,,243191440af1fc1dfbf0deb995dee571
2403238,The Possession,I,1,2012,0,P25,0,0,0,,2f124ce490b4ea6d6b61ab562f35ff85
2403238,The Possession,I,1,2012,0,P25,0,0,0,,2f124ce490b4ea6d6b61ab562f35ff85
2405562,The Raccoons: Let's Dance!,,4,1984,0,R2524,0,0,0,,7d0ff4260da4d4c449eb106b52387935
2406097,The Raven,I,1,2012,0,R15,0,0,0,,112c0b6ee30b2823146ec59df8880780
2406097,The Raven,I,1,2012,0,R15,0,0,0,,112c0b6ee30b2823146ec59df8880780
2406097,The Raven,I,1,2012,0,R15,0,0,0,,112c0b6ee30b2823146ec59df8880780
2406097,The Raven,I,1,2012,0,R15,0,0,0,,112c0b6ee30b2823146ec59df8880780
2406097,The Raven,I,1,2012,0,R15,0,0,0,,112c0b6ee30b2823146ec59df8880780
2408312,The Rite,,1,2011,0,R3,0,0,0,,1cf1629080d3d32ae04739a6b514cd63
2410304,The Sawmill,,1,1922,0,S54,0,0,0,,0622f0624334c6908d2d43d6df2f1631
2415643,The Spy Next Door,,1,2010,0,S1523,0,0,0,,b5f2c905e325cbf84bf34b45ed87f5f3
2418026,The Sweet Hereafter,,1,1997,0,S3613,0,0,0,,d6d2f46044a9afe37daef9bf2abb801d
2418565,The Tango Lesson,,1,1997,0,T5242,0,0,0,,70952df7b407981c13b33836cf1aad2e
2421249,The Tree of Life,,1,2011,0,T6141,0,0,0,,7c601ea81aff5e6af1ff556ae92ade8d
2425479,The Watch,I,1,2012,0,W32,0,0,0,,5b26a74983db51d20a01aae4abe97048
2425479,The Watch,I,1,2012,0,W32,0,0,0,,5b26a74983db51d20a01aae4abe97048
2425479,The Watch,I,1,2012,0,W32,0,0,0,,5b26a74983db51d20a01aae4abe97048
2429182,The Yes Men Fix the World,,1,2009,0,Y2512,0,0,0,,3d7569bc3b92a79077945305d0b9ba82
2429795,Thelma & Louise,,1,1991,0,T4542,0,0,0,,a74f6b8f4e8027aedd362edbd5803fe8
2430212,There Will Be Blood,,1,2007,0,T6414,0,0,0,,775ca55f906755227cdbf56ea1be5f2e
2430784,They Only Kill Their Masters,,1,1972,0,T5424,0,0,0,,b079da4d95de52064526927208481403
2431508,Thirteen Conversations About One Thing,,1,2001,0,T6352,0,0,0,,88f68f384f650c74113543a2557303ab
2431509,Thirteen Days,,1,2000,0,T6353,0,0,0,,25f5238529a88782985d662c8b596049
2431978,This Is Martin Bonner,,1,2013,0,T2563,0,0,0,,6fe0621ebc0c4c976202868dbd14fa67
2432273,This Means War,,1,2012,0,T2526,0,0,0,,480c476d9136f62ed8c49252f019eb46
2432273,This Means War,,1,2012,0,T2526,0,0,0,,480c476d9136f62ed8c49252f019eb46
2432273,This Means War,,1,2012,0,T2526,0,0,0,,480c476d9136f62ed8c49252f019eb46
2434721,Thunderball,,1,1965,0,T5361,0,0,0,,e9a63c2c772863714808f403ecf54e6d
2434935,Thérèse Desqueyroux,,1,2012,0,T6232,0,0,0,,643b6bb9e0079c3a817af0e505952a15
2436690,Tim,,1,1979,0,T5,0,0,0,,385941a16c19c7b68109d673db09c15c
2438179,Titanic,,1,1997,0,T352,0,0,0,,fb64a668aa8460808946f19293efb83b
2439277,To Kill a Priest,,1,1988,0,T2416,0,0,0,,1805fc0dd95ee15e6a6eac2d3bac62b7
2445202,Tournée,,1,2010,0,T65,0,0,0,,87c0b1a2ff650ae5d578613312dd501a
2447357,Transit,I,1,2012,0,T6523,0,0,0,,16390af2301d4969b8262524dc3474b2
2447357,Transit,I,1,2012,0,T6523,0,0,0,,16390af2301d4969b8262524dc3474b2
2459589,Ultimo mondo cannibale,,1,1977,0,U4353,0,0,0,,d9dab4837f515aea2fa088c9ec06b38a
2460693,Un bonheur n'arrive jamais seul,,1,2012,0,B5656,0,0,0,,5200131bf47de590ee810b4447e29eab
2460693,Un bonheur n'arrive jamais seul,,1,2012,0,B5656,0,0,0,,5200131bf47de590ee810b4447e29eab
2464072,Uncharted: Drake's Fortune,,6,2007,0,U5263,0,0,0,,c21b08fd10d4522003341ee5c2a0a12b
2466912,Union City,,1,1980,0,U523,0,0,0,,7e7e878d7669efe0ef95eabb7f83e400
2466981,United 93,,1,2006,0,U53,0,0,0,,cb4f68f3df3303a90f3e9200561d3e11
2467167,Universal Soldier: Day of Reckoning,,1,2012,0,U5162,0,0,0,,79927b5a5ee381259b20535df44dc30a
2467167,Universal Soldier: Day of Reckoning,,1,2012,0,U5162,0,0,0,,79927b5a5ee381259b20535df44dc30a
2467167,Universal Soldier: Day of Reckoning,,1,2012,0,U5162,0,0,0,,79927b5a5ee381259b20535df44dc30a
2468114,Unstoppable,,1,2010,0,U5231,0,0,0,,c8862e0da8705e7566b0a4645d160359
2469119,Untraceable,,1,2008,0,U5362,0,0,0,,045c05b4d5e232df6cc496ebfef6cd6a
2469620,Up in the Air,I,1,2009,0,U1536,0,0,0,,2d4ada94611b199f6f2f130eb8fce883
2473236,Vamps,,1,2012,0,V512,0,0,0,,382390ebaeaaf92379a883267926acef
2491732,Welcome Back Mr. Fox,,3,1986,0,W4251,0,0,0,,30c98f99e25c51fedf3ad3dc0b1b7794
2501106,Wild Things,,1,1998,0,W4352,0,0,0,,331b086d1d73cc9df32aa8865eef5e78
2507125,Wrath of the Titans,,1,2012,0,W6313,0,0,0,,b2b13a8aa19fc14aab58c07c10766913
2507153,Wreck-It Ralph,,1,2012,0,W6236,0,0,0,,0e19fc18f2b4f250f87695eb670a1d78
2507569,Wsciekly,,1,1980,0,W24,0,0,0,,6faa8cd4125f65de80133893d6a0bf6d
2510081,Ya lyublyu tebya,,1,2004,0,Y4143,0,0,0,,7052d5a9cc0f266e56177f917fa59a2e
2514613,Young Adult,,1,2011,0,Y5234,0,0,0,,ebef588ec5b4c97d36444f77d6f64a2b
2514851,Young Frankenstein,,1,1974,0,Y5216,0,0,0,,419a73e14635f0a5a9e9ca744e95f0f9
2515305,Youngblood,,1,1986,0,Y5214,0,0,0,,6df615c49429106e14a9c2bbff16c255
2518791,Zero Dark Thirty,,1,2012,0,Z6362,0,0,0,,dd7c381a5c5cffa91f5261df5601cad4
2518791,Zero Dark Thirty,,1,2012,0,Z6362,0,0,0,,dd7c381a5c5cffa91f5261df5601cad4
2518791,Zero Dark Thirty,,1,2012,0,Z6362,0,0,0,,dd7c381a5c5cffa91f5261df5601cad4
2518791,Zero Dark Thirty,,1,2012,0,Z6362,0,0,0,,dd7c381a5c5cffa91f5261df5601cad4
2521373,Zorro Rides Again,,1,1937,0,Z6325,0,0,0,,7710855e995c921d4e67fdd7b866d3cb
2522624,[REC]³ Génesis,,1,2012,0,R252,0,0,0,,44ece23512fd67481887de5b02660dd3
2522624,[REC]³ Génesis,,1,2012,0,R252,0,0,0,,44ece23512fd67481887de5b02660dd3
